ListAgent,ListSideNumber,ListAgentRank
A & D Realty Alliance,1,Low
A.J. Costa,2,Low
AAH Around the House Team,6,Low
Aaron Broccoli,3,Low
Aaron Niedzwiadek,3,Low
Abby Ashley,3,Low
Adam Cardinal,13,Medium
Adam Wilks,4,Low
Addy Sirypannho,7,Low
Adrienne FriedmanKirschner,7,Low
Agueda Del Borgo,7,Low
AL B Berarducci,3,Low
AL IACOBBO,2,Low
Al North Jr,5,Low
Al Pratte,6,Low
Alacyn Wolfe,1,Low
Alaina Bruno,4,Low
Alan Brunelle,1,Low
Alan Cameron,1,Low
Alan Gandelman,3,Low
Alayna Berek,2,Low
Albin Johnson III,1,Low
Aleen Weiss,23,High
Alessandra Alvarez,1,Low
Alex Mazika,1,Low
Alexander Almeida,1,Low
Alexander Champagne,2,Low
Alexander Parmenidez,2,Low
Alexandria Escaler,16,Medium
Alfredo Dacosta,1,Low
Alfredo DaCosta,9,Low
Alicia Parrillo,1,Low
Aliesha Noonan,7,Low
Aliesha Noonan & Associates,21,High
Alisha TAFURI,6,Low
Alison Kowal,1,Low
Alissa St. Jacques,5,Low
Allen Gammons,8,Low
ALLIANCE MEMBER,1,Low
Allison Bernard,3,Low
Allison Thienel,6,Low
Alvin Owens Jr,1,Low
Alyson Roslonek,12,Medium
Amanda Hannon,16,Medium
Amanda Mahon,1,Low
Amber Cadorette,1,Low
Amelia Partridge,8,Low
Amit Anand,52,High
Amy Bedard,11,Low
Amy Champagne,4,Low
Amy Dixon,31,High
AMY Doorley,3,Low
Amy Plante,3,Low
Ana Luis Bruno,3,Low
Ana Willis,2,Low
Anabela O'Shea,1,Low
Anabella Mendez,2,Low
Anastasia Kaufman,25,High
Anderson Real Estate Group,29,High
Andrea Cambio,1,Low
Andrea Henault,1,Low
Andrea Massey,16,Medium
Andrea Robertson,13,Medium
Andrew Bilodeau,1,Low
Andrew Ferland,12,Medium
Andrew Iovino,5,Low
Andrew Kushner,2,Low
Andy Goulet,17,Medium
Angela Sharkey,1,Low
Angelique Zubee,1,Low
Angelo Blandon,1,Low
Angelo Greco,3,Low
Anibal Recinos Rosales,4,Low
Ann Brouillette,2,Low
Ann Carroccia,1,Low
Ann Damiano,3,Low
Ann Foncellino,13,Medium
Ann Glosson,1,Low
Ann Hall,10,Low
Ann Marie Clarkson,1,Low
Ann Marie Grilli,2,Low
Ann Marie Kirwin,2,Low
Ann McCrory,1,Low
Ann Shackford,3,Low
Anna Clancy,1,Low
Anna Hsiao,1,Low
Anne Giardina,1,Low
Anne Marsh,11,Low
Anne McCrann,1,Low
Anthony Barbieri,8,Low
Anthony Caprio,20,High
Anthony DelVecchio,1,Low
Anthony Golomboski,6,Low
Anthony Greco,2,Low
Anthony Mattera,23,High
Anthony Santangelo,9,Low
Anthony Saviano,8,Low
Anthony Simonelli,1,Low
Anthony Vecchiarelli,7,Low
Anthony Young,1,Low
Antrop & Williamson,60,High
Anytime Team,7,Low
Aref Shehadeh,2,Low
Ari Tanasio,25,High
Arleen Richman,1,Low
Arlene Laboissonniere,2,Low
Arlene Scott,1,Low
Armando Ugarte Castelar,3,Low
Armistead Covington,1,Low
Arnold Baskin,4,Low
Art Samos,6,Low
Arthur Fluette,12,Medium
Arthur Lima,1,Low
Arthur Yatsko,2,Low
Ashley Almeida,1,Low
Ashley Baccari,1,Low
Asimina Rodopoulos,11,Low
Assisted Sale,4,Low
Astrid DiSano,1,Low
Barbara Arditte,1,Low
Barbara Dacey,37,High
Barbara Fell,1,Low
Barbara Gaglione,1,Low
Barbara Jean Taylor,1,Low
Barbara Jolicoeur,5,Low
Barbara Morris,1,Low
Barbara Rhine,9,Low
Barbara Santilli,3,Low
Barbara Scanlon,31,High
Barbara Stamp,6,Low
Barbara Vieira,1,Low
Baron von Heyden,1,Low
Barry Alofsin,1,Low
Barry Gross,11,Low
Barry Rafanelli,5,Low
Barry Sullivan,2,Low
Basty Ortiz,4,Low
Beatriz Giron,22,High
Beatriz Tudela,1,Low
Becky St. Louis,1,Low
Belle Virgilio,1,Low
Ben Esposito,2,Low
Ben Faubert,1,Low
Ben Gourneau,2,Low
Benjamin Duff,1,Low
Benjamin Frink,2,Low
Benjamin Ricci,1,Low
Benjamin Scungio,8,Low
Bernadette Reyes-Forbes,3,Low
Bernard Salcedo,1,Low
Bernice Salzberg,35,High
Bernie Larivee,14,Medium
Beth Brucker,11,Low
Beth Davis,4,Low
Beth Jenkins,1,Low
Beth Mazor,3,Low
Beth Suriani,1,Low
Bethany Eddy,6,Low
Bethany Martone,3,Low
Bethany Nelson,1,Low
Betsey DaSilva,5,Low
Bette-Anne Corrente,10,Low
Bettina Monaco,3,Low
Bev Marchione,4,Low
Beverly Burgess,6,Low
Beverly Chittim,1,Low
Beverly Cournoyer,2,Low
Beverly Littlejohn,2,Low
Beverly Medeiros,2,Low
Beverly Snyder,1,Low
Beverly Wootton,6,Low
Bill Bell,1,Low
Bill Duquette,10,Low
BILL Freeman,1,Low
Bill Friedman,26,High
Bill Hurston,1,Low
Bill Kiriaki,1,Low
Bill Serio,1,Low
Bill Thompson,1,Low
Bob Candon,1,Low
Bob Caron,1,Low
Bob Countie,8,Low
Bob D. D'Andrea,4,Low
Bob DeCosta,4,Low
Bob DeGregorio,14,Medium
Bob Gunning,1,Low
Bob Keith,4,Low
Bob Mahoney,7,Low
Bob Martin,16,Medium
Bob Milkaitis,1,Low
Bob Roy,9,Low
Bob Sparn Sparn Team,2,Low
Bob Vincent,1,Low
Bonnie Begos,1,Low
Bonnie Carter,8,Low
Bonnie Kaplan,9,Low
Bonnie Large,1,Low
Braulio Diaz,5,Low
Brenda Acciardo,4,Low
Brenda Dassoni,1,Low
Brenda Fernandes,2,Low
Brenda Hilton,3,Low
Brenda HOLMES,1,Low
Brenda L. Marchwicki,18,Medium
Brenda Marchwicki,2,Low
Brenda Nardolillo,5,Low
Brenda Nile,3,Low
Brenda Rebello-Reyes,4,Low
Brendan Duckworth,20,High
Brendan McLaughlin,2,Low
Brenton Butterworth,1,Low
Brian Bursell,18,Medium
Brian Carpenter,60,High
Brian Demers,4,Low
Brian Doorley,1,Low
Brian Dupont,18,Medium
Brian Fiore,1,Low
Brian Iafrate,1,Low
Brian Janes,1,Low
Brian Johnson,1,Low
Brian Marvelle,45,High
Brian McDonald,1,Low
Brian McGloin,3,Low
Brian Rector,2,Low
Brian White,1,Low
Bridgette Soby,1,Low
Brooke Caron,2,Low
Brooke Depot,1,Low
Bruce Burlingame,3,Low
Bruce Haslehurst,1,Low
Bruce Lane,31,High
Bruce Nathaniel,1,Low
Bryan McKeen,1,Low
Bud Latham,2,Low
Butch Simoneau,7,Low
C21 Realty Group,3,Low
Caitlin Clement,3,Low
Caitlin Richard,1,Low
Carl Feldman,6,Low
Carl Passarelli,6,Low
Carla Menard,6,Low
Carla Polanco,3,Low
Carla Zimmerman,10,Low
Carlos Almeida,6,Low
Carlos Mendes,4,Low
Carlos Ocampo,2,Low
Carol Battersby,2,Low
Carol Cooney,10,Low
Carol LaMontagne,37,High
Carol Muccino,1,Low
Carol Perry,4,Low
Carol Schneider,1,Low
Carol Shaw,1,Low
Carolann Silvia,1,Low
Carole Del Bonis,19,Medium
Carole Scaralia,24,High
Carole Tedeschi,3,Low
Caroline Butterfield,1,Low
Caroline Ceceri,12,Medium
Carolyn Bassett,2,Low
Carolyn Chodat,1,Low
Carolyn Coleman,2,Low
Carolyn Drumm,2,Low
Carolyn Izzi,2,Low
Carolyn Kindley-Single,1,Low
Carolyn Nolan,2,Low
Carrissa Quintella,1,Low
Carter Tracy,1,Low
Cary Marcoux,1,Low
Casey Cianci,1,Low
Casey Fava,4,Low
Cassie Krasnianski,1,Low
Cassondra Cavanagh,2,Low
Cathy Drinkwater,4,Low
Cathy Schobel,1,Low
Cathy Singer,9,Low
Cathy Sousa,2,Low
CC Wall Team,31,High
Cecilia Duarte,1,Low
Celeste Costa,2,Low
Celeste Fournier,39,High
Celeste Robin,2,Low
Celia Almonte,5,Low
Chanara Yen,2,Low
Chanthaly Morin,1,Low
Chantra Sek,1,Low
Charle Hornby,2,Low
Charle Larson,7,Low
Charlene Marasco,3,Low
Charlene Venancio,1,Low
Charles Henry Jr,1,Low
Charlotte Roberts,6,Low
Chelsea Berndt,2,Low
Cheri Yanku,3,Low
Cherry Arnold,4,Low
Cheryl Cotter,1,Low
Cheryl Davis,7,Low
Cheryl Deschenes,1,Low
Cheryl Eidinger-Taylor,4,Low
CHERYL ELEY,1,Low
Cheryl Henshall,8,Low
Cheryl Lamothe,2,Low
Cheryl Lee Brill,9,Low
Cheryl Masciarelli,1,Low
Cheryl Precopio,1,Low
Cheryl Sampson,5,Low
Cheryl Santos,1,Low
Cheryl Shatkin,1,Low
Cheryle Cantin,3,Low
Chet Szafranski,8,Low
Chick Silva,1,Low
Chris Ferreira,2,Low
Chris Field,3,Low
Chris Ford,1,Low
Chris Frechette,1,Low
Chris Healy,5,Low
Chris Henson,1,Low
Chris Piasczyk,3,Low
Chris Randall,1,Low
Chris Shaw,1,Low
Chris Stephenson,2,Low
Chris Tanner,1,Low
Chris Whitten,17,Medium
Christa L'Heureux,2,Low
Christina Ardente,2,Low
Christina Balletto,3,Low
Christina Israel,3,Low
Christina Resendes-Caswell,1,Low
Christine Brien,1,Low
Christine Corriveau,9,Low
Christine DiNardi Group,2,Low
Christine Dupuis,17,Medium
Christine McNally,1,Low
Christine Palumbo,1,Low
Christine Pascarella,8,Low
Christine Petrarca,2,Low
Christine Rocchio,1,Low
Christine Simpson,2,Low
Christine Whittaker,1,Low
Christopher Brosnahan,2,Low
Christopher Casieri,1,Low
Christopher Cox,18,Medium
Christopher Dalti,1,Low
Christopher Jolicoeur,2,Low
Christopher Lynch,2,Low
Christopher Mehr,1,Low
Christopher Montes de Oca,1,Low
Christopher Pelletier,1,Low
Christopher Sutherland,1,Low
Chuck Cummiskey,16,Medium
Chuck Gendron,2,Low
Chuck Pollock,2,Low
Chuck Spencer,7,Low
Cidalia Barboza,17,Medium
Cindy Arias,2,Low
Cindy Corkum,2,Low
Cindy Ruel,1,Low
Claire Davenport,4,Low
Claire Jubb,13,Medium
Claire Puleo,3,Low
Claudia Campanella,10,Low
Claudia Maiorana,1,Low
Clay Shackleton,1,Low
Cliff Nulman,1,Low
Coastal Properties Group,4,Low
Codi Ethier,1,Low
Colleen Nicholson,6,Low
Connor Dowd Realty Group,2,Low
Constance De Souza,2,Low
Consuelo Quinonez,1,Low
Corina Bonenfant,3,Low
Corleen Law,8,Low
Cornerstone Realty Group,3,Low
Cory Carney,1,Low
Courtenay Clifford Wall,1,Low
Craig Luchon,1,Low
Craig Picard,1,Low
Cristina Howe,2,Low
Crystal D'Agostino,5,Low
Crystal Wall,1,Low
Cynthia Antonelli,4,Low
Cynthia Cabana,1,Low
Cynthia Fernandez,1,Low
Damon Divozzi,3,Low
Dan Ferrara,7,Low
Dan Kildea,1,Low
Dan Liese,1,Low
Dan Mansolillo,1,Low
Dan Saffer,13,Medium
Dana Micheletti,2,Low
Dana Mills,1,Low
Dana Phillips,1,Low
Dana Zangari,1,Low
Dani Desmarais,1,Low
Daniel Byrnes,4,Low
Daniel Goggin,1,Low
Daniel Hornby,10,Low
Daniel McCusker,2,Low
Daniel Ripley,1,Low
Danielle Almeida,1,Low
Danielle Armstrong,27,High
Danielle Dantas,6,Low
Danielle Frechette,13,Medium
Danielle Kiser,2,Low
Danielle Thompson,4,Low
Dante Lopardo,4,Low
Dante Votolato,1,Low
Darci Acomb,1,Low
Darla Harris,1,Low
Darleen Carley-Longo,2,Low
Darlene Reilly,2,Low
Dave Boisvert,4,Low
Dave Dubak,2,Low
Dave Miles,2,Low
Dave Patriarca,4,Low
Dave Pezzullo,1,Low
Dave Serpa,46,High
David Abbott,7,Low
David Banigan,1,Low
David Cappucci,1,Low
David Carloni,1,Low
David Castellone,1,Low
David Colardo,5,Low
David Coleman,1,Low
David Corelli,1,Low
David DeCristo,4,Low
David Defelice,6,Low
David Dunne,66,High
David Ghigliotty,1,Low
David Gower,2,Low
David Hackett,2,Low
David Hasslinger,25,High
David Iannuccilli Group,4,Low
David Lefort,4,Low
David Maggiacomo,2,Low
David Mancini,1,Low
David Moreau,2,Low
David Nielson,1,Low
David Palagi,1,Low
David Peck,2,Low
David Petrone,5,Low
David Ramage,1,Low
David Smiley,3,Low
David Splaine,3,Low
David Sullivan,1,Low
David Tatangelo,6,Low
David Travers,1,Low
David Willis,1,Low
David Yacino,7,Low
David ZARTARIAN,1,Low
Dawn Aloisio,1,Low
Dawn Carey,3,Low
Dawn Perrotta,10,Low
Dawne Nordstrom,1,Low
Dayro Jaramillo,8,Low
Dean Benjamin,1,Low
Dean Charpentier,1,Low
Dean deTonnancourt & Associates,22,High
Deanna Devonis,4,Low
Deb Chennisi Team,10,Low
Deb Cordeiro,21,High
Deb Evans,1,Low
Deb Hackett,32,High
Deb Jobin & Company,13,Medium
Deb Lessard,3,Low
Deb Malachowski,1,Low
Deb McGann,2,Low
Debbie Arel,1,Low
Debbie Blanchet,65,High
Debbie Ciunci Wier,5,Low
Debbie Gold,19,Medium
Debbie Grimaldi,1,Low
Debbie Scanlon,3,Low
Debbie Spivak,1,Low
Debbie Tully,1,Low
Debby Smith,27,High
Debi Miranda,2,Low
Deborah Augenstein,1,Low
Deborah Burlingame,3,Low
Deborah Giannini,20,High
Deborah Holden,1,Low
Deborah Houghton,4,Low
Deborah Nisbet,1,Low
Deborah Palumbo,2,Low
Deborah Sawyer,1,Low
Deborah Scaralia Mathers,1,Low
Deborah Swift-Mathers,1,Low
Debra Almeida,6,Low
Debra Avicolli,4,Low
Debra Connetti,5,Low
Debra Cucinotta,1,Low
Debra DeLuca,2,Low
Debra Donahue,6,Low
Debra Dziekiewicz,6,Low
Debra Fonger,7,Low
Debra Heroux,10,Low
Debra Hetu,3,Low
Debra Mann,1,Low
Debra Miraglia,1,Low
Debra Rocchio,1,Low
Debra Viveiros,9,Low
Dee Conley,21,High
Delmy Recinos,2,Low
DeMascole Rossi & Mann Associates,8,Low
Denis Gagne,2,Low
Denise Boisvert,1,Low
Denise D'Amico,4,Low
Denise Guzzetti,1,Low
Denise LeFaiver,1,Low
Denise Leonard,2,Low
Denise Loiselle,7,Low
Denise Mancini,22,High
Denise Rogan,4,Low
Denise Shea,1,Low
Dennis Billias,6,Low
Dennis Deloach,1,Low
Dennis Egan,1,Low
Dennis Sackal,1,Low
Denny Zisk,2,Low
Derek Brazeau,5,Low
Derek Cabrera,3,Low
Derek Eisenberg,12,Medium
Derek Greene,36,High
Derek Simoneau,5,Low
Desiree Martinelli,2,Low
Devon Dwyer,2,Low
Diana Barone,20,High
Diana Kryston,20,High
Diana Tavares,7,Low
Diane Araujo,2,Low
Diane Aubin,1,Low
Diane Dailey,1,Low
Diane Darrah,1,Low
Diane Guertler,1,Low
Diane Lazarus,35,High
Diane St. Amour,1,Low
Dianne Lemay,1,Low
Dina Karousos,3,Low
Dina Murphy,5,Low
Dolores DiMeo Carroll,3,Low
Dolores Rabuffo,1,Low
Dominique Cipriano,3,Low
Domique ECCLESTON,2,Low
Don Batten,1,Low
Don Martone,5,Low
Don Morash,1,Low
Don Morash Team,4,Low
Don Parsons,3,Low
Dona Vellucci,8,Low
Donald Coletti,16,Medium
Donald LaBranche,1,Low
Donald Savastano,3,Low
Donna Castellone,17,Medium
Donna Conway,5,Low
Donna Delauro,4,Low
Donna DiGiulio,21,High
Donna Durand,2,Low
Donna Fagnant,13,Medium
Donna Feeley,2,Low
Donna Gomes,18,Medium
Donna Holmes,1,Low
Donna Lima - Johnson,11,Low
Donna Prete-Gomes,4,Low
Donna Proulx Ainsworth,6,Low
Donna Ricci,1,Low
Donna Sabitoni,4,Low
Donna Sczerbinski,3,Low
Donna Valeriana,1,Low
Donna Webster,1,Low
Donnie Bennett,9,Low
Doreen Caruso,14,Medium
Doreen Davila,1,Low
Doreen Mullaly,3,Low
Doreen Peirce,9,Low
Doreen Picone,3,Low
Doreen Reynolds,2,Low
Dorian Solis,1,Low
Dottie Goulet,3,Low
Doug Bennett,8,Low
Doug Jeffrey,17,Medium
Doug Mittelsteadt,3,Low
Douglas Lopez,2,Low
Douglas Martin,1,Low
Duane Albro,1,Low
Duane Boucher,46,High
Duke Silva,8,Low
Dulce Peguero,1,Low
Dwight LEIGH,9,Low
E. Cort Facteau,6,Low
ED D'Agostino,10,Low
Ed Duffy,46,High
Ed Izeman,5,Low
Ed Kazarian,18,Medium
Ed Viveiros,3,Low
Edward Bishop,2,Low
Edward Fracassa,1,Low
Edward Kanneh,1,Low
Edward Neubauer,1,Low
Edward Pellegrino,2,Low
Edward Stachurski,12,Medium
Edward West,6,Low
Eileen Ryan,1,Low
Elaine ECCLESTON,4,Low
Elaine Lemieux,1,Low
Elaine Marrero,1,Low
Eleanor San Antonio,1,Low
Elena Yanez,2,Low
Elise Geddes,3,Low
Elise Pansey,19,Medium
Elise Vetri,22,High
Elise Vetri & Associates,36,High
Elizabeth DeSousa,6,Low
Elizabeth K Chace,1,Low
Elizabeth Kirk,6,Low
Elizabeth O'Connor,1,Low
Elizabeth Ruiz,1,Low
Elizabeth VARS,1,Low
Elizabeth Walsh,1,Low
Elizete Silva,6,Low
Elle O'Donnell-Forte,2,Low
Ellen Bradley,4,Low
Ellen Brady,7,Low
Ellen Connelly,3,Low
Ellen Feole,1,Low
Ellen Kasle,25,High
Ellen Morrissey,1,Low
Ellen Yost,2,Low
Elmehdi Mechtaly,2,Low
Elyse Gesmondi,1,Low
Emeka Ndukwe,2,Low
Emily Kheradi,3,Low
Emmy Dwyer,1,Low
Eric Brouillard,20,High
Eric Gonsalves,5,Low
Eric Kopf,2,Low
Eric Proulx,6,Low
Erica Kregling,3,Low
Erica LeBeau,7,Low
Erica Penardo,2,Low
Ericka Morales,2,Low
Erin Hopkins,4,Low
Erin Mercer,3,Low
Erin Morse,1,Low
Erin Sheridan,4,Low
Erin Smith,1,Low
Ernest Lambert,14,Medium
Ernie Boren,1,Low
Erny Francisco,1,Low
Eve C. Bonitati,2,Low
Evelyn Arias,1,Low
Evelyn Ranone,1,Low
Evelyn Tomaszewski,2,Low
Fabiola Brunache,3,Low
Feighery Moniz Team,10,Low
Feng Lei,11,Low
Filomena ALTIERI,1,Low
Filomena Silva,11,Low
Flora Rocha,1,Low
Florence Byrnes,3,Low
Forlini Group,1,Low
Fran ENGLISH,1,Low
Frances Pearson,7,Low
Francis Hiraldo,5,Low
Francisco Batista,8,Low
Frank DeFruscio,1,Low
Frank Miele,32,High
Frank Moreau,4,Low
Frank Paola,1,Low
Frank Simonelli,3,Low
Frank Sullivan,7,Low
Frank Villella,2,Low
Fred Bernat,1,Low
Fred D'Aguanno,36,High
Fred Richenderfer,9,Low
Fred Uriot,1,Low
Fredda Korber,1,Low
Friedman Real Estate Group,7,Low
Gabe Francis,14,Medium
Gail Jenard,6,Low
Gail Lemek,5,Low
Gail Sears DeFelice,2,Low
Gamaliel Ferreira,4,Low
Gammons Team,2,Low
Garret Roberts,4,Low
Garry Reilly,5,Low
Gary Almeida,6,Low
Gary Balletto,1,Low
Gary Diggle,2,Low
Gary Giammarco,6,Low
Gary Grande,2,Low
Gary Mallozzi,1,Low
Gayle Moone,12,Medium
Gayle Sepe,2,Low
Genie Coelho,3,Low
George Avedisian,1,Low
George Calat,1,Low
George Dys,1,Low
George Gardner,1,Low
George Hannouch,29,High
George Henry,4,Low
George Linnane Jr.,2,Low
George Martini,7,Low
George Murphy,4,Low
George Potsidis,1,Low
George Simone,1,Low
George Stansfield,8,Low
George Thomas III,1,Low
George Villari,1,Low
Gerard Laferriere,2,Low
GERI Santagata,1,Low
Gerri Schiffman,99,High
Gia Parmentier,7,Low
Gian Ventilato,1,Low
Gil Campos,4,Low
Gil Medeiros,7,Low
Gilda Aldana,1,Low
Gina Howarth Team,46,High
Gina Perry,4,Low
Gina Ronci Mohamed,4,Low
Glen Lombardi,15,Medium
Glen Reichard,1,Low
Glenda Pagan-Gonzalez,1,Low
Glenn Carpenter,2,Low
Glenn D'Arrigo,1,Low
Glenn Stavens,4,Low
Gloria Kurz,1,Low
Grace Flaherty,1,Low
Grace Sahagian,2,Low
Greg Contardo,1,Low
Greg Dantas,14,Medium
Greg Morrison,1,Low
Gregg Rondeau,2,Low
Gregory Costa,1,Low
Gregory Datseris,2,Low
Gregory ECCLESTON,3,Low
Gregory Marderosian,1,Low
Guerline Aurelus,1,Low
Gus Marsella,2,Low
Guy Gervais,9,Low
H. Weber Wilson,1,Low
Hank Demers,1,Low
Hanne LeBlanc,1,Low
Harold Lavine,1,Low
Harry Smith,5,Low
Harry Woloohojian,1,Low
Heather Hawkins,1,Low
Heather Jarry,1,Low
Heather Realejo,11,Low
Heatheran Kristopher,1,Low
Hector Rosa,11,Low
Heidi Farmer Piccerelli,5,Low
Heidi Kelley,10,Low
Helen Arlia,1,Low
Helen Coupe,5,Low
Helen Duckworth,1,Low
Helen Macdonald,3,Low
Helene Dominguez,6,Low
Henry Priest,2,Low
Henry Valati,3,Low
Herman Sousa,2,Low
Hermano Pereira,1,Low
Hill Harbor Group,48,High
Hollie Curtis,2,Low
Holly Applegate,12,Medium
Holly Bellucci,22,High
Holly Richendrfer,1,Low
Hope Brady,1,Low
Howie Julian,2,Low
Howie Reiner,2,Low
Ian Barnacle,1,Low
Ilanna Ball,9,Low
Ilene Rose,1,Low
Inessa Moshkina,3,Low
Irene Goulet,20,High
Irma Barrios,2,Low
Irma Bolanos,1,Low
Isabel Amado,1,Low
Isabel Ferreira,1,Low
Isabel Garcia,1,Low
Israel Akinbo,1,Low
Ivelisse Rodriguez,1,Low
Ivy Lamonica,2,Low
Izabella Whiting,4,Low
J. Christopher Real Estate Group,11,Low
J. Dolan,3,Low
J. Ronald Brochu,1,Low
Jack Clark,1,Low
Jack Galvao,6,Low
Jack Glancy,1,Low
Jack Harrington,6,Low
Jack Leonard,1,Low
Jack Mayo,2,Low
Jack McVicker,1,Low
Jack Silberman,1,Low
Jackie Lenahan,8,Low
Jacklyn Ross,1,Low
Jacob Rochefort,16,Medium
Jacqueline Mallett,6,Low
Jacquelyn Clegg,1,Low
Jaime Desousa,1,Low
Jaime Moretti,5,Low
Jaime Rua,4,Low
James DiCenzo,1,Low
James Girardi,5,Low
James Howard,1,Low
James Jodoin,8,Low
James Karalekas,3,Low
James Luth,15,Medium
James Macchio,3,Low
James Marsh Jr.,1,Low
James San Giovanni,10,Low
James Spearman,1,Low
James Thompson,5,Low
James Wardick,1,Low
James Wilkie,1,Low
Jamie Rebello,4,Low
Jamison Monello,44,High
Jan D'Angelo,2,Low
Jan Hay,4,Low
Jan Malcolm,5,Low
Jan Parrillo,3,Low
Jan Pinckard,4,Low
Jan Truitt,1,Low
Jane Driver,15,Medium
Jane Larsen,3,Low
Jane Marshall,10,Low
Janet AUDET,14,Medium
JANET AUDET,3,Low
Janet Dolber,2,Low
Janet Ellis,2,Low
Janet Emond,2,Low
Janet Flori,9,Low
Janet Fromm,3,Low
Janet Kowalski,2,Low
Janet Maloy,3,Low
Janet Morrissey,1,Low
Janet Raymond,3,Low
Janet Scaralia,8,Low
Janet Towner,6,Low
Janet WESTERMAN,1,Low
Janice Costello,7,Low
Janice Faria,1,Low
Janice Geddes,33,High
Janice Henry,3,Low
Janice Lowell,2,Low
Janie Aracil,2,Low
Janis CAPPELLO,3,Low
Janis Turner,1,Low
Jared Iannelli,2,Low
Jared Tomassi,3,Low
Jarrod Lewis,4,Low
Jasmine Melo,5,Low
Jason Corsini,11,Low
Jason Farley,5,Low
Jason Gelfuso,7,Low
Jason Healey,6,Low
Jason Monterecy,6,Low
Jason Saphire,38,High
Jason Smith,41,High
Jay Badger,4,Low
Jay Rezendes,13,Medium
Jay Shaw,3,Low
Jayne Furlong,2,Low
Jazz Napolitano,10,Low
Jean Albert,1,Low
Jean Allard,11,Low
Jean Clarke,50,High
Jean Fallago,1,Low
Jean Marzilli,7,Low
Jean Tinsworth,9,Low
Jeane Retelle,2,Low
Jeanie Gorrie,7,Low
Jeanne Derham,3,Low
Jeanne e Team,4,Low
Jeanne Lomastro,1,Low
Jeanne Powers,1,Low
Jeanne Smith-Haroian,5,Low
Jeanne Smith Team,2,Low
Jeff Brooks,3,Low
Jeff Clare,2,Low
Jeff HAMILTON,2,Low
Jeff Harris,7,Low
Jeff Leduc,3,Low
Jeff Silva,5,Low
Jeff St. Germain,5,Low
Jeff&Evelyn Weller Team,3,Low
Jeffrey Allaire,4,Low
Jeffrey Davenport,3,Low
Jeffrey Fontaine,15,Medium
Jeffrey Infante,12,Medium
Jeffrey Jaquith,1,Low
Jeffrey Mateus,54,High
Jeffrey Miksis,1,Low
Jeffrey Nunez,1,Low
Jeffrey Wolstencroft,1,Low
Jenn Mailloux,3,Low
Jennifer Boucher,4,Low
Jennifer DeRobbio,1,Low
Jennifer Herker,1,Low
Jennifer Higham,1,Low
Jennifer Jackson,1,Low
Jennifer Lemme,9,Low
Jennifer Mello,6,Low
Jennifer Mendez,1,Low
Jennifer Moran,1,Low
Jennifer Moretti,1,Low
Jennifer Naylor,7,Low
Jennifer O'Hearne,5,Low
Jennifer Petreccia,5,Low
Jennifer Powers,2,Low
Jennifer Santosuosso,2,Low
Jennifer Steadman,1,Low
Jennifer Wieting,1,Low
Jenny Pappas,3,Low
Jeremie Blum,3,Low
Jeremy Bailey,14,Medium
Jeremy Provost,1,Low
Jess Powers,4,Low
Jesse Andrews,1,Low
Jessica Andrade,1,Low
Jessica Antonelli,3,Low
Jessica Azarian,2,Low
Jessica Benedetti,1,Low
Jessica Braza,2,Low
Jessica Gavigan,1,Low
Jessica Giorgi,3,Low
Jessica Kalogeras,1,Low
Jessica Rebello,11,Low
Jessica Wasserman,1,Low
Jill Gallant,1,Low
Jill Weathers,7,Low
Jillian Naylor,2,Low
Jim Abbott,1,Low
Jim Baptista,1,Low
Jim Conway,1,Low
Jim DelBonis,9,Low
Jim DeRentis,39,High
Jim Durkin,1,Low
Jim Kacewicz,20,High
Jim Mancini,5,Low
Jim Newcomb,7,Low
Jim Nispel,3,Low
Jim Silberman,3,Low
Jimmy Andrade,16,Medium
Jimmy Ranieri,14,Medium
Jj Jimenez,1,Low
Jo-Ann Carlton,32,High
Jo-Ann Molinaro,23,High
Joan Crocker,1,Low
Joan Dion,3,Low
Joan M. Bianco,4,Low
Joan Rothemich,1,Low
Joan Siegrist,1,Low
Joan Warren,1,Low
Joann Ayala,1,Low
JoAnn Silva,2,Low
Joann Silvia,8,Low
JoAnn Spremulli,2,Low
Joanne Eckhardt,1,Low
Joanne Matuszek,2,Low
Joanne Perella,2,Low
JoAnne Rossi,4,Low
Jodi-Lynn Graziano,1,Low
Jodi Healy,1,Low
Jodi Hedrick,7,Low
Jodie Jordan,4,Low
Jodie Lynn Marinosci Smith,2,Low
Jody Martins,4,Low
Joe DeChristofaro,6,Low
JOE Garcia,1,Low
Joe Iaciofano,1,Low
Joe LaCroix,2,Low
Joe Luca,4,Low
Joe Matteo,2,Low
Joe McCarthy,14,Medium
Joe Olivelli,5,Low
Joe Roch,2,Low
Joe Sekac,2,Low
Joe Spremulli,4,Low
Joe Suffoletto,1,Low
Joel Langlois,1,Low
Joellen Wunner,6,Low
Johanna Ferrucci,1,Low
John Adalio,1,Low
John Anderson,2,Low
John Baffoni,9,Low
John Barros,4,Low
John Berardi,2,Low
John Bessette,45,High
John Biafore,1,Low
John Bianco,2,Low
John Brady,2,Low
John Cappello,1,Low
John Chapski,9,Low
John Colafrancesco,6,Low
John D'Ellena,3,Low
John Eunis,2,Low
John Ferri,8,Low
John Gonsalves,36,High
John Gower,27,High
John Hofmann,2,Low
John Janusz,2,Low
John Krekorian,1,Low
John Lima,2,Low
John Lynch,1,Low
John Manocchio,14,Medium
John Maurice,1,Low
John May,2,Low
John McCann,1,Low
John McFeeley,1,Low
John Monacelli,1,Low
John Moretti,9,Low
John Morgan,4,Low
John Morookian,4,Low
John Mulhearn,11,Low
John Oliveri,5,Low
John Overy,3,Low
John Pacheco,7,Low
John Paliotta,3,Low
John Palla,8,Low
John Plouffe,1,Low
John Risica,7,Low
John Ruginski,4,Low
John Sheil,1,Low
John Shekarchi,1,Low
John Skeffington,6,Low
John Somyk,5,Low
John Teixeira,2,Low
John TOMASSO,5,Low
John Travers,3,Low
John Tripodi,15,Medium
John Vartanian,3,Low
John Zadroga,3,Low
Jon Restivo,1,Low
Jonathan Annear,2,Low
Jonathan Carlson,1,Low
Jonathan Gineo,2,Low
Jonathan Tavares,4,Low
Jonathan Tetrault,3,Low
Jonathan Weinstein,14,Medium
Jordan Blasbalg,4,Low
Jordan Ross,3,Low
Jose AGUON,2,Low
Jose Diaz,3,Low
Jose Galvez,1,Low
Jose Mendez,2,Low
Joseph Acciardo,2,Low
Joseph Antonelli,3,Low
Joseph Botelho,21,High
Joseph Brennan,1,Low
Joseph Casimiro,1,Low
Joseph Colaluca,1,Low
Joseph Del Sesto,31,High
Joseph DiLibero,6,Low
Joseph DiPietro,2,Low
Joseph Elliott,5,Low
Joseph Hunt,1,Low
Joseph Motta III,1,Low
Joseph Mullen,25,High
Joseph Pytka,25,High
Joseph Robenhymer,1,Low
Joseph Signore,1,Low
Joseph Spada,8,Low
Joseph TOMCHAK,2,Low
Joshua Cassino,2,Low
Joshua Cullion,12,Medium
Joshua Deaner,15,Medium
Joy Riley,218,High
Joyce Hughes,2,Low
Joyce Motta,1,Low
Joyce Teixeira,9,Low
JP Pagano,13,Medium
Judi Fiske,1,Low
Judith Chace,1,Low
Judy ALBANESE,44,High
Judy Brady,3,Low
Judy Burns,1,Low
Judy Cabral,2,Low
Judy Croyle,16,Medium
Judy Mastalerz,2,Low
Julia Harpin,2,Low
Juliana Fraioli Wilson,1,Low
Julie Boyle,4,Low
Julie Chalue,3,Low
Julie Etter,7,Low
Julie LeBlanc,5,Low
Julie Longtin,11,Low
Julie Pettigrew,8,Low
Julio Rodriguez,2,Low
June Coan,1,Low
Justin Fox,3,Low
Justin Hetherington,10,Low
K Catuogno CATGroup,1,Low
Karen Barney,1,Low
Karen Boghossian,2,Low
Karen Bouchard,2,Low
Karen Catuogno,2,Low
Karen Colli,2,Low
Karen DelVecchio-Ansay,4,Low
Karen Heagle,1,Low
Karen Hurst,4,Low
Karen Lee Osman,5,Low
Karen Miller,6,Low
Karen Moreau,10,Low
Karen Norato,4,Low
Karen Primeau,1,Low
Karen Raby,2,Low
Karen Rossi,1,Low
Karen Torrico,1,Low
Karina Taveras,5,Low
Karl Martone,107,High
Karolyne Lucia,1,Low
Karyn DiLorenzo,4,Low
Karyn Kopecky,1,Low
Kate Coogan,2,Low
Kate DeSimone,4,Low
Kate Foster,10,Low
Kate Littlefield,4,Low
Katelyn Medeiros,1,Low
Katherine Jette,1,Low
Kathleen Coutu,43,High
Kathleen Murray,3,Low
Kathleen Odell,3,Low
Kathleen Omicioli,1,Low
Kathleen Santos,11,Low
Kathleen Stoddart,1,Low
Kathleen Vaillancourt,3,Low
Kathryn E. Lawrence,3,Low
Kathryn Worthington,3,Low
Kathy Bain Farrell,22,High
kathy Cardente,12,Medium
Kathy Souza,9,Low
Katie Cocuzzo,4,Low
Kaydi McQuade,1,Low
Keith Heroux,3,Low
Keith L'Heureux,3,Low
Keith Niles,2,Low
Keith St. Jean,5,Low
Kelley Stone-Gardner,2,Low
Kelli Improta,5,Low
Kellie Marcil,1,Low
Kelly Croteau,1,Low
Kelly Granados,1,Low
Kelly Leclaire,4,Low
Kelly Zexter,4,Low
Ken O'Brien,1,Low
Ken Schadegg,14,Medium
Ken Wilcox,1,Low
Kenneth Scotti,62,High
Kenneth Taylor,1,Low
Kenny Farrow,5,Low
Keri Lagor,9,Low
Keri LaMontagne Croteau,2,Low
Keri Roy,3,Low
Kerri-Lynn Tompkins,2,Low
Kerri Gemma,9,Low
Kerri Payne,6,Low
Kerri Stetson,13,Medium
Kerrie Doyle,3,Low
Kevin Bochner,1,Low
Kevin Cooney,20,High
Kevin Darrow,1,Low
Kevin Dohoney,12,Medium
Kevin Estrela,1,Low
Kevin Fox,52,High
Kevin McDonald,9,Low
Kevin Mohamed,5,Low
Kevin Pinheiro,1,Low
Kevin Stockwell,2,Low
Kevin Whitworth,2,Low
Kileen Mitchell,1,Low
Kim Correia,7,Low
Kim Davis,1,Low
Kim Deacon,1,Low
Kim Ellin,4,Low
Kim Holland,3,Low
Kim Jordan,1,Low
Kim Michalik,1,Low
Kim Teves,18,Medium
Kimber Pope Kettlety,1,Low
Kimberly Barrows,9,Low
Kimberly Hawthorne,7,Low
Kimberly Kaiser,12,Medium
Kimberly Labonte,4,Low
Kimberly Winslow,8,Low
Kira Greene,24,High
Koury Signoriello,6,Low
Kristen Moore,46,High
Kristen Zambarano,2,Low
Kristie Moore,2,Low
Kristin Chwalk,4,Low
Kristin Coletti,30,High
Kristin Fontaine,11,Low
Kristin Green,6,Low
Kristin Walcott-Matthews,1,Low
Kristine Aiello,2,Low
Kurt Franklin,1,Low
Kurtis Parisi,1,Low
Kwai Fong Cheung,1,Low
Kyle Costa,1,Low
Kyle Nugent,1,Low
Kyle Seyboth,166,High
Lana Drew,1,Low
Lana Wilson,1,Low
Larissa Truppa,4,Low
Larry McNulty,10,Low
Larry Pierce,8,Low
Laura-Jean Ferranti,2,Low
Laura Dauphinais,14,Medium
Laura Fortin,3,Low
Laura Gessman,2,Low
Laura Kinsella,1,Low
Laura Lass,1,Low
Laura Sleiman,1,Low
Laura Soscia,2,Low
Laura Vecchiarelli,2,Low
Laureen Koch,1,Low
Lauren Boscia,9,Low
Lauren Germani,1,Low
Lauren Grilli,5,Low
Lauren Sousa,3,Low
Laurie Audet,14,Medium
Laurie Brothers,1,Low
Laurie Cianci,3,Low
Laurie Dickey,1,Low
Laurie Frizzell,1,Low
Laurie Rose,1,Low
Laurie Sokoloski,2,Low
Lavonne Lopes,2,Low
Leah Abbate,1,Low
Leah Her,4,Low
Leann D'Ettore,74,High
Leart Mezini,1,Low
Lee Meyer,4,Low
Lee Mita,2,Low
LEN IANNUCCILLI,5,Low
Len Stabile,3,Low
Lenore Leach,1,Low
Leo TATANGELO,1,Low
LEO TATANGELO,1,Low
Leonor DaSilva,9,Low
Les Ingalls,5,Low
Leslie Donfrancesco,10,Low
Leslie Fleming,2,Low
Leslie Kellogg,5,Low
Leslie LaForest-Branchaud,3,Low
Leslie Lusi,1,Low
Lesly Renfro,6,Low
Lester JORDAN,2,Low
Linda ALLCOCK,4,Low
Linda Bessette,4,Low
Linda Campopiano,1,Low
Linda Ceprano,13,Medium
Linda Cicchelli,3,Low
Linda Delach,15,Medium
Linda Dewing,2,Low
Linda Drainville,7,Low
Linda EICHENFELDT,1,Low
Linda Elliot,17,Medium
Linda Glynn,6,Low
Linda Julian,3,Low
Linda McMillen,1,Low
Linda Mittleman,10,Low
Linda Morrissey,27,High
Linda O'Rourke,7,Low
Linda O'Shea,1,Low
Linda Romano,4,Low
Linda Sticca,1,Low
Linda Tatarian,2,Low
Linda Traversie,3,Low
Linda Vario,3,Low
Lindsay Brown,3,Low
Lindsay Mathewson,1,Low
Lindsay Votto,3,Low
Lindsey Duckworth,2,Low
Lisa Avedisian,5,Low
Lisa Barbary,20,High
Lisa Bonnell,1,Low
Lisa Carpenter,12,Medium
Lisa Courtney,3,Low
Lisa Foster-Pacheco,6,Low
Lisa Fox,7,Low
Lisa Gagnon,11,Low
Lisa Gauvin,5,Low
Lisa Goulet,7,Low
Lisa Halajko,10,Low
Lisa Harrison,54,High
Lisa Hassett,11,Low
Lisa Jester,7,Low
Lisa Johnson,1,Low
Lisa LaMontagne-Beausoleil,9,Low
Lisa Levine,1,Low
Lisa McLaughlin,3,Low
Lisa Pagano,2,Low
Lisa Raiche,1,Low
Lisa Raposa,3,Low
Lisa Robertus Poole,3,Low
Lisa Russo,9,Low
Lisa Santagata-O'Neill,2,Low
Lisa Schryver,1,Low
Lisa Walker,2,Low
Lise Holst,3,Low
Liz Andrews,2,Low
Liz Bodell,4,Low
Liz Kettelle,5,Low
Liz Shalvey,1,Low
Lois Lettieri,1,Low
Lois McPheeters,4,Low
Lori Carreiro,1,Low
Lori Eley,1,Low
Lori Gardiner,1,Low
Lori Joyal,1,Low
Lori McCaughey,1,Low
Lori McPheeters,15,Medium
Lori McVey,6,Low
Lori Mulberry,1,Low
Lori Robertson-Stoudt,1,Low
Lori Rudd,4,Low
Lori Silvia,1,Low
Lori weinacker,1,Low
Lorna Belanger,2,Low
Lorraine Bandoni,7,Low
Lorraine Dunsmore,3,Low
Lorraine Grimley,7,Low
Lorraine Riendeau,4,Low
Louanne Jennings,2,Low
Louis Barrows,15,Medium
Louis Demascole,1,Low
Louise Fontaine,2,Low
Lucy Heelon,18,Medium
Lucy Reid,15,Medium
Luis Florez,4,Low
Luis Mateus,85,High
Luis Vicioso,10,Low
Luisa Lopes,30,High
Luisa Ponceano Vieira,1,Low
Luxury Group Luxury Group,2,Low
Lydia Lopes,5,Low
Lydia Smith,5,Low
Lyn Giarrusso,10,Low
Lyn Robinson,1,Low
Lynda Orton,1,Low
Lynda Terhune,1,Low
Lynn Brosnahan,1,Low
Lynn DiPippo,2,Low
Lynn Doyle,2,Low
Lynn Forlini,12,Medium
Lynn Leffray McCall,1,Low
Lynn Smiley,2,Low
M. Connie Soares-Felix,18,Medium
M.B.A. Realty Group,5,Low
M.Jacqueline Marovelli,7,Low
M.Luci Stoddard,15,Medium
Madonna Giordano,4,Low
Maggie Ray,2,Low
Malaina Kelly,2,Low
Mandie Sullivan,5,Low
Manilay Khamsyvoravong,1,Low
Manny Camelo,1,Low
Manny Ferreira,1,Low
Manny Menezes,19,Medium
Manuel Souza,8,Low
Manyeli Fernandez,1,Low
Marc Bibeault,5,Low
Marc Lonchay,6,Low
Marc Santos,2,Low
Marcel Robert,5,Low
Marco Harrington,7,Low
Margaret Boland,4,Low
Margaret Farley,7,Low
Margaret Gauthier,1,Low
Marge Jacob,12,Medium
Maria Berrios,2,Low
Maria Caetano,3,Low
Maria Correia,11,Low
Maria Garcia,4,Low
Maria Garies,4,Low
Maria Levesque,1,Low
Maria Marcotte,2,Low
Maria Martin,5,Low
Maria Sion,2,Low
Maria Useinoski,1,Low
Maria Volpe,2,Low
Mariana Freitas Novo,2,Low
Marie Barra,1,Low
Marie Fisher,1,Low
Marie Mauricio,1,Low
Marie Puleo Flaherty,23,High
Marilyn Bennett,61,High
Marilyn Boyce,3,Low
Marilyn Cannon,1,Low
Marilyn DePetrillo,4,Low
Marilyn Monahan,6,Low
Marilynn Burmeister,3,Low
Marino De La Cruz,15,Medium
Marisela Vasquez,6,Low
Marissa DeCrescenzo,1,Low
Marissa TAFURI,1,Low
Marjorie Goward,5,Low
Mark Atkinson,2,Low
Mark Barter,1,Low
Mark Brown,1,Low
Mark Cirignano,7,Low
Mark Dechambeau,3,Low
Mark DeCosta,1,Low
Mark Ferreira,2,Low
Mark Leeman,14,Medium
Mark Loiselle,3,Low
Mark McHugh,10,Low
Mark Oltedale,1,Low
Mark Raymond,7,Low
Mark Reo,1,Low
Mark Warrener,3,Low
Markham and Derentis Associates,58,High
Marla Coletta,1,Low
Marong Tho,3,Low
Marsha WELCH,1,Low
Marta Ferguson,1,Low
Martha Gagnon,17,Medium
Martha Habib,3,Low
Martha Lapierre,6,Low
Martin Custodio,10,Low
Martin Saklad,1,Low
Martinho Montrond,2,Low
Marty Mooradian,2,Low
Mary Ann Sinapi,1,Low
Mary Beth Frye,1,Low
Mary Bruni,2,Low
Mary Collins,3,Low
Mary Ellen Rose,3,Low
Mary Iacono,3,Low
Mary Jane Cressman,1,Low
Mary Jo Fidalgo-Tavares,1,Low
Mary Kammerer,1,Low
Mary Lyons,1,Low
Mary Malin,5,Low
Mary Marcello,1,Low
Mary McKenna,2,Low
Mary McNally,4,Low
Mary Noll,2,Low
Mary O'Brien,4,Low
Mary Reineman,1,Low
Mary Shekarchi,3,Low
Maryann Crudale,18,Medium
MaryAnn Mattiello,1,Low
Maryann Murphy,2,Low
Maryann Papa,7,Low
Maryanne Paquin,4,Low
Mass Alliance Partner,4,Low
MASS ALLIANCE PARTNER,50,High
Matilde Miolan-Regus,5,Low
Matt Patty Team,31,High
Matt Sousa,1,Low
Matthew Escaler,12,Medium
Matthew Kachanis,21,High
Matthew Klein,1,Low
Matthew Phipps,1,Low
Matthew Pita,3,Low
Matthew Stuart,1,Low
Matthew Tresca,10,Low
Maura Sayre,1,Low
Maura VonDeck,1,Low
Maureen Handy,21,High
Maureen McGovern,5,Low
Max Heidel,1,Low
Medelise Reifsteck,1,Low
Megan Ferreira,1,Low
Megan Gonsalves,1,Low
Meghan Butler,1,Low
Meghan Hopkins,1,Low
Meghan Rose,1,Low
Meghann Sparks,1,Low
Mel Antonio,1,Low
Melanie Quirk,16,Medium
Melillo Noble,4,Low
Melissa Baker,35,High
Melissa Beliveau,3,Low
Melissa Grylls,3,Low
Melissa Oliver,1,Low
Melissa Perdikakis,1,Low
Melissa Perrille,17,Medium
Melissa Rampone,5,Low
Melissa Riley,25,High
Melissa Smith,2,Low
Mercedes Dacosta,1,Low
Meredith Milner,1,Low
Meredyth Church,1,Low
Michael Alves,1,Low
Michael Anselmo,1,Low
Michael Brennan,2,Low
Michael Capuano,6,Low
Michael Clapprood,2,Low
Michael Colombo,2,Low
Michael Connell,1,Low
Michael Dias,4,Low
Michael DiPaola,1,Low
Michael Faiella,1,Low
Michael Feiler,2,Low
Michael Ferreira,5,Low
Michael Field,3,Low
Michael Furia,16,Medium
Michael Glynn,36,High
Michael Grandchamp,1,Low
Michael Lambrese,15,Medium
Michael Lopes,1,Low
Michael Meehan,2,Low
Michael Miele,17,Medium
Michael Milano,8,Low
Michael Morris,17,Medium
Michael Murphy,1,Low
Michael O'Brien,2,Low
Michael Ouellette,1,Low
Michael Palana,1,Low
Michael Pinelli,10,Low
Michael Plante,21,High
Michael Portrais,1,Low
Michael Rocchio,1,Low
Michael Rominyk,1,Low
Michael Russo,14,Medium
Michael Seaver,1,Low
Michael Solotke,1,Low
Michael Stearns,15,Medium
Michael Sweeney,6,Low
Michael Veltri,1,Low
Michael Young,5,Low
Michael Zannini,20,High
Michael Zompa,35,High
Michaela Hermann,1,Low
Michaela Massey,3,Low
Michele Carboni,1,Low
Michele Cerreta,23,High
Michele Dias,1,Low
Michele Heard,1,Low
Michele Hogan,1,Low
Michele Stevenin,1,Low
Michelle Cartwright  Co,12,Medium
Michelle D'Ercole,1,Low
Michelle Ferrara,1,Low
Michelle Keach,26,High
Michelle Richard,2,Low
Michelle Savastano,33,High
Michelle Simoneau,1,Low
Michelle Snoeren,4,Low
Michelle Verry,7,Low
Mick Hoegen,4,Low
Mike Behm,8,Low
Mike Duggan,8,Low
Mike Keller,1,Low
Mike Maven Mathieu,1,Low
MIKE McElroy,6,Low
Mike Navoian,6,Low
Mike Pereira,4,Low
Mike Tessier,3,Low
Mike Tullie,5,Low
Millie Pereira,22,High
Mindy Lane,1,Low
Miriam Novas,2,Low
Missie Rose,14,Medium
Mita Team Mita Team,7,Low
Monalisa Aguiar,24,High
Monica Doeur,10,Low
Monica VanDeventer,2,Low
Monique Robert,1,Low
Morgan Lowis,1,Low
Muhammad Mushtaq,4,Low
Myra Braverman,3,Low
Nance Crawley,7,Low
Nancy Casimiro,56,High
Nancy Copeland,1,Low
Nancy Cresser,2,Low
Nancy Denelle,36,High
Nancy Lerner,1,Low
Nancy Marinelli,2,Low
Nancy Markham,3,Low
Nancy Rabbitt,5,Low
Nancy Reall,11,Low
Nancy Rossi,3,Low
Nancy Ryan,3,Low
Nancy Tobias,3,Low
Nancy Ziroli,4,Low
Natalia Falcone,1,Low
Nate Chatterley,1,Low
Nathan Clark,1,Low
Nathan Clark Team,325,High
Nathan Silvaggio,3,Low
Nathan Szydlo,1,Low
Ned Murtha,1,Low
Neil Kimatian,1,Low
Nelly Branez,4,Low
Nelson Esteves,29,High
Nelson Sena,2,Low
Next Move Realty Group,8,Low
Nga Le,24,High
Nicholas Acquaviva,5,Low
Nicholas Famulari,2,Low
Nicholas Serino,2,Low
Nicholas Tasso,1,Low
Nicholas Vicario,3,Low
Nicholson Cantave,4,Low
Nick Delafano,2,Low
Nick Giesinger,3,Low
Nick Muschiano,13,Medium
Nick Oneppo,3,Low
Nick Slocum,1,Low
Nicola Francis,5,Low
Nicole Duarte,3,Low
Nicole Garbutt,1,Low
Nicole Hofstetter,6,Low
Nicole Lucenti,1,Low
Nicole Russo,2,Low
Nicole Selema,2,Low
Nicole Sheusi,2,Low
Nina Wilcox,1,Low
Noel DaSilva,4,Low
Noelle Shiland,1,Low
Norm Jolicoeur,8,Low
Norma Burgos-Rivero,2,Low
Norma Jean Pirri,2,Low
Norman Beretta,3,Low
Norman Chin,1,Low
Norman Harrison,30,High
Norman TOBIN,6,Low
NORMAN TOBIN,3,Low
Noshina Khalid,1,Low
Olga Fino,1,Low
Olivia Ma,1,Low
Onetia Price-Hall,1,Low
Padric Meagher,6,Low
Palladian Group,2,Low
Pam Anderson,2,Low
Pam Christy,3,Low
Pam Reis,31,High
Pam Soule,4,Low
Pamela Lahousse,1,Low
Pat Lally,3,Low
Pat Ledoux,14,Medium
Pat Murphy,22,High
Pat Oliver,1,Low
Pat Tripodi,6,Low
Patricia Fellmann,5,Low
Patricia Gazzola,1,Low
Patricia Melucci,4,Low
Patricia Reaves,1,Low
Patricia Reed,1,Low
Patricia Sierra,3,Low
Patricia Simonin,1,Low
Patricia Theroux,1,Low
Patricia Tinnell,2,Low
Patricia Wash,7,Low
Patrick Croke,2,Low
Patrick Gallagher,1,Low
Patrick Murray,1,Low
Patsy Peterson,1,Low
Patti DePriest,1,Low
Patti Hunt,1,Low
Patty Bain,33,High
Paul Dalpe,2,Low
Paul DeCesare,4,Low
Paul DeFalco,1,Low
Paul Donnelly,2,Low
Paul Dumont,2,Low
Paul Faella,6,Low
Paul Gagnon,1,Low
Paul Lefebvre,2,Low
Paul Martin,7,Low
Paul Melo,1,Low
Paul Merlino,6,Low
Paul Nastari,6,Low
Paul Penco,2,Low
Paul Sczerbinski,2,Low
Paul Senra,2,Low
Paul Vanasse,24,High
Paul Voccola,2,Low
Paul W Cutler,2,Low
Paul ZARRELLA,13,Medium
PAUL ZARRELLA,2,Low
Paula Allin,2,Low
Paula Decubellis,3,Low
Paula Dickson-Rando,2,Low
Paula Drake,1,Low
Paula Gallant,3,Low
Paula Morrison,6,Low
Paula Pinelli,4,Low
Paula Torres,1,Low
Pauline Lemieux,4,Low
Paulo Albano,1,Low
Perry Caruso,19,Medium
Peter Aiello,11,Low
Peter ALMONTE,2,Low
Peter Bonaminio,1,Low
Peter Capizzo,4,Low
Peter Conceicao,3,Low
Peter Hopelain,1,Low
Peter Izzi,7,Low
Peter Leddy,2,Low
Peter Micheli,2,Low
Peter Scotti,1,Low
Peter Skeffington,1,Low
Peter Wasylyk,1,Low
Phil Slocum,2,Low
Philip Marlow,1,Low
Philip Renzi,10,Low
Phillip Barden,1,Low
Phillip Tirrell,37,High
Phyllis Van Orden Nathanson,2,Low
R.J. Connelly III,1,Low
Rachel Jenness,1,Low
Rachel Wills,3,Low
Rachele Sullivan,4,Low
Ralph Bello,30,High
Ralph Buontempo,34,High
Ralph Curti,6,Low
Ralph Gianfrancesco,7,Low
Ramiro Encizo,1,Low
Ramon Betances,1,Low
Ramona Cummings,5,Low
Raquel Storti,4,Low
Ray DeCubellis,1,Low
Ray King,5,Low
Ray Majeau,1,Low
Ray Merolla,3,Low
Ray Sirico,1,Low
Raymond Dowaliby,1,Low
"Raymond Horbert, Jr.",13,Medium
Raymond Kenyon,1,Low
Raymond Paiva,10,Low
Raymond Sinapi,6,Low
Raymond Turcotte,17,Medium
Realtor Rob Viani,1,Low
Reba Golden,2,Low
Rebecca Brady,1,Low
Rebecca Mayer,25,High
Rebecca Moniz,4,Low
Rebecca Rubin,2,Low
Regina Hosey,6,Low
Renato De Lima,2,Low
Rene C. Hague,14,Medium
Renee Boiteau,7,Low
Renee D'Amico,5,Low
Rex Henderson,9,Low
Rhonda De La Cerda,1,Low
Rhonda Mesenbourg,1,Low
Rhonda Sasa,9,Low
Rhonda Schneider,3,Low
Rhonda Vieira Cherry,2,Low
Ricardo Mourato,7,Low
Rich Epstein,8,Low
Richard Berlinsky,2,Low
Richard Cascella,3,Low
Richard Corso,2,Low
Richard Holsombach,1,Low
Richard Johnston,1,Low
Richard Lemieux,5,Low
Richard Lemos,4,Low
Richard Leone,1,Low
Richard Madden,6,Low
Richard Oliver,2,Low
Richard Olivo,2,Low
Richard Perelman,54,High
Richard Tessier,15,Medium
Richard Wixted,2,Low
Richard Zompa,20,High
Rick Annese,1,Low
Rick Harrington,10,Low
Rick Lemek,9,Low
Rick Marini,2,Low
Rick Moulton,2,Low
Rick Oriani,7,Low
Rick Smith,2,Low
Rick Thibeault,6,Low
Rimac Group,17,Medium
Rita Benoit,7,Low
Rita LaDuke,4,Low
Rita Steele,7,Low
Rito DeCarvalho,1,Low
Ro Kilduff,1,Low
Rob Doorley,13,Medium
Rob Paliotta,5,Low
Rob Pressman,4,Low
Robert Bohlen,1,Low
Robert Cressman,1,Low
Robert Crudale,19,Medium
Robert Fratantuono,1,Low
Robert Hollands,1,Low
Robert Nasiatka,5,Low
Robert Perillo,1,Low
Robert Piacitelli,2,Low
Robert Rutley,1,Low
Robert Scaralia,1,Low
Robert Scungio,5,Low
Robert Shirley,24,High
Robert Sullivan,1,Low
Robert Woloohojian,1,Low
Roberta Hergt,2,Low
Roberto Barrera,2,Low
Robin Chaplin,1,Low
Robin Chudnow-Marsh,11,Low
Robin Garceau,1,Low
Robin Gold-Riccitelli,4,Low
Robin Lozito,17,Medium
Robin MacMillan,1,Low
Robin McGuigan,1,Low
Robin Mott,1,Low
Robin Pastore,31,High
Robyn Ryan,2,Low
Rocco Q Quattrocchi,1,Low
Rochelle Ziegler,16,Medium
Roger Duque,1,Low
Roger Sylvia,1,Low
Roger Tortolani,3,Low
Ron Bianco,1,Low
Ron Cataldi,3,Low
Ron Glanville,4,Low
Ron LeClair,20,High
Ron Mercurio,2,Low
Ron Phipps,6,Low
Ronald Caliri,6,Low
Ronald Duquette,61,High
Ronald Faria,4,Low
Ronald Rupp,3,Low
Ronald Rusin,1,Low
Ronald Vincent,2,Low
Ronnie TOSONI,4,Low
Rosa Viveiros,17,Medium
Rosalind Newton,1,Low
Rosamaria Pereira,4,Low
Rosanny Bourdierd,1,Low
Rose Anne DeAngelis,3,Low
Rose Barbosa,5,Low
Rose Senerchia,1,Low
Roseann Dugan,1,Low
Roseann Halladay,26,High
Roselina Perlini,2,Low
RoseMarie Clemente,18,Medium
Rotha Tho-Svay,2,Low
Roxanne Gordon,3,Low
Roxanne Tafuri,1,Low
Ruiyang Yang,1,Low
Ruth Austin,1,Low
Ruth Hanahan,3,Low
Ryan Cuddy,2,Low
Ryan Fonseca,11,Low
Ryan Gehris,4,Low
Ryan Schreffler,7,Low
Sabrina Gaulin,1,Low
Sally Corbin,2,Low
Sally Hersey,22,High
Sally Lapides,2,Low
Sally Rianna,10,Low
Salvatore Moio,5,Low
Sam Barchi,7,Low
Sam Butterfield,5,Low
Sam Glicksman,6,Low
Samantha Baudreau,1,Low
Samantha Berg,1,Low
Samantha Copeland,6,Low
Samantha Durand,10,Low
Samantha Walton,1,Low
Samuel Alba,38,High
Samuel Nouel,2,Low
San Silva,5,Low
Sandra Baker,2,Low
Sandra Church,4,Low
Sandra Codner,1,Low
Sandra Copley-Menard,1,Low
Sandra McNamara,14,Medium
Sandra Richard,3,Low
Sandra Sousa,8,Low
Sandra Sullivan,6,Low
Sandy Bliven,1,Low
Sandy Brown,2,Low
Sandy Conca,6,Low
Sandy Conway Catanzaro,5,Low
Sandy Deignan,7,Low
Sandy Pellegrino,18,Medium
Sandy Soares,9,Low
Santoro & Company,11,Low
Sara Andrews,1,Low
Sara Catanzaro,3,Low
Sara Chaffee-Standish,1,Low
Sara Heathcote,4,Low
Sara Karalekas,2,Low
Sara Sullivan,2,Low
Sarah Collins,3,Low
Sarah Dumke,1,Low
Sarah LaRosa,2,Low
Sarah Principe,1,Low
Sarah Santos,5,Low
Sarah WHEATON,4,Low
Sasha Mellor,1,Low
Scaralia Group,33,High
Scott Aceto,3,Low
Scott Bianco,5,Low
Scott Buontempo,1,Low
Scott Egersheim,2,Low
Scott Freerksen,3,Low
Scott Grandfield,8,Low
Scott Martin,5,Low
Scott McGee,120,High
Scott Nagy,4,Low
Scott O'Donnell,3,Low
Sean Amaral,2,Low
Sean Carlino Esq.,1,Low
Sean Fox,2,Low
Sean Harrington,16,Medium
Sean Hevenor,3,Low
Seth Daley,1,Low
Seth Leavitt,3,Low
Shamila Ahmed,2,Low
Shana Boyer,5,Low
Shana Speer,1,Low
Shane Halajko,5,Low
Shannon Mace,7,Low
Shannon Reyes,1,Low
Shari Soucy,11,Low
Sharon Cicerone,1,Low
Sharon Ford,5,Low
Sharon Greenless,2,Low
Sharon Janikies,2,Low
Sharon Moskwa,3,Low
Sharon Moylan,1,Low
Sharond Delance,1,Low
Shaun Branch,1,Low
Shawna Amitrano,1,Low
Shawna Scotti,1,Low
Sheila Koback,1,Low
Shelley Andrade,2,Low
Shelly Ann D'Amico,5,Low
Shelly Martinez,1,Low
Sheri Quaglia Bishop,4,Low
Sherrell Prefontaine,5,Low
Sherri-Lynn Milkie,1,Low
Sherri Ann Boisvert,4,Low
Sherri Faria,2,Low
Sherri Mercurio,2,Low
Sherrie Rotenberg,6,Low
Sherry McGonigle,1,Low
Sherry Snow,2,Low
Sheryle Degirolamo,3,Low
Sindy Pierce,1,Low
Sindye Tonole,3,Low
SJ Team Toole,1,Low
Sokhna DaLuz,2,Low
Solaura Kushimo,1,Low
Sophia Karvunis,1,Low
Sophie Flori,1,Low
Sousan Karwashan,1,Low
Spectrum REC Real Estate Consultants,91,High
Spinnaker Group,1,Low
Stacey Behan,1,Low
Stacey ELIADES,1,Low
Stacey Garcia,2,Low
Stacy Corrigan,3,Low
Stanley Kuziel,1,Low
Stella Fitzsimmons,2,Low
Stephanie Baker,3,Low
Stephanie Barbusci,3,Low
Stephanie Basile,3,Low
Stephanie Ceceri,3,Low
Stephanie Cohen,5,Low
Stephanie Corsetti,3,Low
Stephanie Fernandes,1,Low
Stephanie Piantadosi,10,Low
Stephanie Rossi,1,Low
Stephanie Soscia,16,Medium
Stephen Antoni,5,Low
Stephen Brunero,1,Low
Stephen Dion,19,Medium
Stephen Forleo,5,Low
Stephen Gachowski,8,Low
Stephen Hamilton,1,Low
Stephen Perrino,1,Low
Stephen Ragosta,2,Low
Stephen Sibiga,60,High
Stephen Smith,9,Low
Stephen Thibodeau,25,High
Steve Carlson,4,Low
Steve Conti,1,Low
Steve Cook,1,Low
Steve DeAngelis,9,Low
Steve Eccleston,3,Low
Steve Gillikin,4,Low
Steve Koback,1,Low
Steve Puleo Team,6,Low
Steve Riley,2,Low
Steven Casey,1,Low
Steven Miller,14,Medium
Steven Miller Group,5,Low
Steven Rei,4,Low
Steven Santagata,1,Low
Steven Spirito,1,Low
Steven Verdecchia,12,Medium
Sue Breslin,1,Low
Sue Dicks,11,Low
Sue Erkkinen,13,Medium
Susan Dando,2,Low
Susan Flynn,2,Low
Susan Gower,3,Low
Susan Henderson,5,Low
Susan Joseph,5,Low
Susan Kelly,13,Medium
Susan Lamendola,1,Low
Susan Leach,9,Low
Susan Martins-Phipps,1,Low
Susan Perry,2,Low
Susan Rouvelas,4,Low
Susan Rowles,24,High
Susan Schultz,2,Low
Susan Shore,9,Low
Susan Tierney,1,Low
Susana Glass,4,Low
Sussy DeLeon,11,Low
Suzanne Baptista Kealey,1,Low
Suzanne Dash,2,Low
Suzanne Poisson,4,Low
Suzanne Prescott,3,Low
Suzanne Ranieri,1,Low
Suzanne Viner,1,Low
Suzzanna Downing,1,Low
Sylvia Santilli,5,Low
Sylvia Vallante,6,Low
T. Todd Brown,1,Low
Tamara Cerullo,1,Low
Tammy Pelletier,8,Low
Tanisha Perona,1,Low
Tanya Costa,2,Low
Tara Brady,3,Low
Tara Cancel,2,Low
Tara Demyan,1,Low
Taylor & Associates,7,Low
Taylor & Company,41,High
Team Atlantic,3,Low
Team Dandurand,32,High
Team Pizzarelli Group,10,Low
Ted DiFilippo,1,Low
Ted Musiol,1,Low
Ted Ngo,3,Low
Teresa Level,4,Low
Teresa Ward,1,Low
Teri Degnan,1,Low
Terilyn Dorvall,2,Low
Terri Abbruzzese,2,Low
Terri Hollingworth,1,Low
Terri Nault-Elias,1,Low
Terri Stevens,1,Low
Terry Cipolla,41,High
Terry Twombly,1,Low
Tery Pedro-Matrone,2,Low
The ALBA Group,8,Low
The Bellevue Group,1,Low
The Boiteau Team,7,Low
The Bove Team,1,Low
The Chad Kritzas Team,2,Low
The Chris Woodard Team,6,Low
The Connor Dowd Realty Group,1,Low
The Coutu Connection,7,Low
The Dias Team,64,High
The DiSpirito Team,78,High
The Donna Dalton Team,2,Low
The Dumont Realty Group,5,Low
The East Coast Team,3,Low
The Fooks Team,15,Medium
The Forbes Group,1,Low
The Goss Team,2,Low
The Hall Group,36,High
The Home Team,9,Low
The John Risica Team,9,Low
The Karalekas Team,15,Medium
The Kathy Bain Farrell Team,117,High
The LaRiviere Team,9,Low
The Lombardi Group,1,Low
The McKinnon Team,21,High
The Mellor Team,1,Low
The Mercurio Group,54,High
The Monaco Group,1,Low
The Morrison Group,4,Low
The Nick Slocum Team,13,Medium
The Perrille/Veltri Group,39,High
The Peter Izzi Team,11,Low
The Platinum Group,18,Medium
The Realpro Group,5,Low
The Richard Team,4,Low
The Ridgely Team,2,Low
The Rockwell & Pierard Team,23,High
The Saccoccio Group,7,Low
The Samborsky Team,25,High
The Scott Buller  Team,1,Low
The Stone Alliance,15,Medium
The Storm Team,8,Low
The Sussy Deleon Team,29,High
The Welcome Home Team,8,Low
The Wright Connection,11,Low
Theresa D'Ordine,3,Low
Theresa Haddad Maynard,1,Low
Theresa Lefebvre,1,Low
Therese VEZERIDIS,1,Low
Thomas Bousquet,1,Low
Thomas Brown,1,Low
Thomas Clayton,7,Low
Thomas Dodd,1,Low
Thomas Goss,1,Low
Thomas Hammond,12,Medium
Thomas Hourigan,1,Low
Thomas McMicken,6,Low
Thomas Michael,8,Low
Thomas Peachey,2,Low
Thomas Perrotta,1,Low
Thomas Piantadosi,75,High
Thomas Pisano,3,Low
Thomas Ruest,2,Low
Thomas Wegner,3,Low
Tim Silvia,6,Low
Timothy Bagley,3,Low
Timothy Mullaney,1,Low
Timothy Stebenne,7,Low
Tina Adams,5,Low
Tina Golant,3,Low
Tina Rose,16,Medium
Tj Ciolfi,6,Low
Tom Goss,9,Low
Tom Hazel,1,Low
Tom Jordan,4,Low
Tom Keith,1,Low
Tom Little,1,Low
Tom Pastore,17,Medium
Tom Rao,1,Low
Tom TIMBERLAKE,5,Low
Tom Travers,1,Low
Tony Ciccarone,2,Low
Tony D'Uva,8,Low
Tony Gaudiana,5,Low
Tony Iadevaia,2,Low
Tony Lanni,9,Low
Tony Verdi,10,Low
Tonya Peluso,3,Low
Topnotch Real Estate In Ri Team,1,Low
Tori DeSimone,1,Low
Tori Turco,3,Low
Tracey Colucci,7,Low
Tracey Mulvey,1,Low
Tracey Orchard,2,Low
Tracey Pierce,2,Low
Tracy Accaoui,1,Low
Tracy LeRoux,6,Low
Tracy Mary Shawcross,5,Low
Tracy Sisson,2,Low
Travassos & Kusiak,12,Medium
Travis Auty,1,Low
Tricia Coury,1,Low
Trish Marrapese,6,Low
Trish Perfetto,1,Low
Trish Sitcoske,12,Medium
Trish Vasseur,1,Low
Trudy Cipriano,2,Low
Tshombe Lambert,1,Low
Tyler Gammons,2,Low
V.Edward Fayan,7,Low
Valentino Tirocchi,1,Low
Valerie Knight,2,Low
Valerie Stadnik,6,Low
Vanessa Christofaro,6,Low
Verna Gauthier,1,Low
Verna Pezzullo,1,Low
Veronica Gazeryan,1,Low
Vickie Pizzarelli,1,Low
Victor Ekenavie,1,Low
Victoria Antonelli,27,High
Victoria Calabro,25,High
Victoria Doran,8,Low
Vilma Ruiz,1,Low
Vincent Fraioli,2,Low
Vincent Langella,5,Low
Vincent Letizia,4,Low
Vincent Santagata,2,Low
Vincenzo LoBuono,1,Low
Viola Floru,2,Low
Virgen Nieves,7,Low
Vladmir Pires,1,Low
W. George Buteau,1,Low
Walter Manning,1,Low
Wanda Vanier,2,Low
WARREN WRIGHT,1,Low
Wayne Connetti,10,Low
Wendeth O'Neill,1,Low
Wendie Fillmore-Palermo,8,Low
Wendy Garcia,1,Low
Wendy Hawkins,3,Low
Will LITVIN,1,Low
William McCaffrey,3,Low
William McIntosh,2,Low
William Muir,2,Low
William Scott,1,Low
William Tirrell,19,Medium
William Wright,1,Low
William Zayat,1,Low
Yalis Chamberlin,1,Low
Yang Gaudreau,2,Low
Yaniur Perez,14,Medium
Yannee Doeur,42,High
Yolanda Nazario,1,Low
Yvonne Thompson,1,Low
Zak Fang,1,Low
Ziggy Stevens,13,Medium
ZRG Sales & Purchasing Division,7,Low
