SellAgent,SellSideNumber,SellAgentRanked
A.J. Costa,1,Low
AAH Around the House Team,1,Low
Aaron Broccoli,8,Low
Aaron Doran,1,Low
Aaron Meredith,1,Low
Aaron Niedzwiadek,1,Low
Abby Ashley,7,Low
Abdoulaye Sarr,11,Low
Adam Cardinal,15,Medium
Adam Wilks,4,Low
Addy Sirypannho,7,Low
Adriana Zapata,1,Low
Adrienne FriedmanKirschner,5,Low
Agueda Del Borgo,7,Low
AL B Berarducci,5,Low
Al North Jr,6,Low
Al Pratte,12,Medium
Alacyn Wolfe,2,Low
Alaina Bruno,5,Low
Alan Brunelle,3,Low
Alan Gandelman,6,Low
Alan Yick,1,Low
Albert Scaralia,1,Low
Aleen Weiss,38,High
Alessandra Alvarez,1,Low
Alex Mazika,1,Low
Alexander Almeida,6,Low
Alexander Biliouris,4,Low
Alexander Champagne,3,Low
Alexander Fraioli,1,Low
Alexander Parmenidez,25,High
Alfredo Dacosta,1,Low
Alfredo DaCosta,4,Low
Alia Younes,1,Low
Alicia Nunez,2,Low
Alicia Parrillo,3,Low
Aliesha Noonan,9,Low
Aliesha Noonan & Associates,11,Low
Alisha Malone,1,Low
Alisha TAFURI,4,Low
Alison L'Heureux,11,Low
Alissa St. Jacques,6,Low
Allen Broomfield,1,Low
Allen Chatterton,1,Low
Allen Gammons,1,Low
Allison Bernard,1,Low
Allison Hughes,1,Low
Allison Mayer,1,Low
Allison Thienel,6,Low
Alyson Roslonek,6,Low
Amanda Hannon,33,High
Amanda Lamountain,1,Low
Amanda Mahon,5,Low
Amanda Pepin,1,Low
Amber Cadorette,1,Low
Amelia Partridge,2,Low
Amit Anand,16,Medium
Amy Bedard,17,Medium
Amy Champagne,1,Low
Amy Desmond,1,Low
Amy Dixon,22,High
AMY Doorley,2,Low
Amy Hoag,2,Low
Amy Plante,4,Low
Amy Potter,2,Low
Ana Luis Bruno,9,Low
Ana Willis,7,Low
Anabel Silva,1,Low
Anabela Campos,1,Low
Anabella Mendez,14,Medium
Anastasia Kaufman,30,High
Ander Schaller,1,Low
Andrea Henault,1,Low
Andrea Massey,8,Low
Andrea Robertson,3,Low
Andrea St. Germain,1,Low
Andrew Catanzaro,1,Low
Andrew Ferland,11,Low
Andrew Garganese,2,Low
Andrew Ghali,3,Low
Andrew Iovino,19,Medium
Andrew Palazzo,1,Low
Andrew Snook,1,Low
Androula Kazantzis,1,Low
Andy Goulet,11,Low
Angela Cressman,1,Low
Angela Martin,1,Low
Angela Sharkey,4,Low
Angela Todaro,2,Low
Angelique Zubee,1,Low
Angelo Blandon,2,Low
Angelo Greco,5,Low
Anibal Recinos Rosales,3,Low
Anita Demers,5,Low
Ann Carroccia,5,Low
Ann Damiano,2,Low
Ann Foncellino,11,Low
Ann Glosson,1,Low
Ann Hall,18,Medium
Ann Lavelle,1,Low
Ann Marie Grilli,1,Low
Ann Marie Kirwin,3,Low
Ann Marie Silva,1,Low
Ann McCrory,2,Low
Ann Richards,1,Low
Ann Shackford,4,Low
Anna Clancy,2,Low
Anna Diaz,1,Low
Anna Hsiao,3,Low
Annalise Cohen,7,Low
Anne Corrao,7,Low
Anne Giardina,1,Low
Anne Kellerman,1,Low
Anne Marsh,7,Low
Anne McCrann,6,Low
Anthony Barbieri,15,Medium
Anthony Caprio,5,Low
Anthony DelVecchio,2,Low
Anthony Golomboski,5,Low
Anthony Greco,2,Low
Anthony Mattera,4,Low
Anthony Santangelo,17,Medium
Anthony Saviano,6,Low
Anthony Vecchiarelli,3,Low
Anthony Young,2,Low
Antrop & Williamson,13,Medium
Anytime Team,19,Medium
Aref Shehadeh,1,Low
Ari Tanasio,51,High
Arlene Laboissonniere,2,Low
Arlene Scott,2,Low
Armando Ugarte Castelar,11,Low
Armistead Covington,1,Low
Arnold Baskin,5,Low
Art Samos,13,Medium
Arthur Fluette,17,Medium
Arthur Lima,1,Low
Arthur Yatsko,7,Low
Arunothai Asawabowornan,1,Low
Ashley Almeida,3,Low
Ashley Baccari,3,Low
Asimina Rodopoulos,10,Low
Audrey Diehl,1,Low
Audrey Scott,1,Low
Bambi DiRoma,1,Low
Barbara Arditte,3,Low
Barbara Dacey,21,High
Barbara Jagolinzer,2,Low
Barbara Jean Taylor,7,Low
Barbara Jolicoeur,4,Low
Barbara Monize,1,Low
Barbara Rhine,7,Low
Barbara Santilli,6,Low
Barbara Scanlon,9,Low
Barry Alofsin,4,Low
Barry Rafanelli,4,Low
Barry Sullivan,1,Low
Basty Ortiz,12,Medium
Bea Whitman,9,Low
Beatriz Giron,43,High
Beatriz Tudela,10,Low
Becki Donnell,1,Low
Becky Pulley,1,Low
Belinda Nattress,1,Low
Ben Esposito,1,Low
Ben Gourneau,2,Low
Ben Wilcox,1,Low
Benjamin Andrews,1,Low
Benjamin Duff,5,Low
Benjamin Frink,6,Low
Benjamin Scungio,5,Low
Benjamin Thomas,1,Low
Bernadette Reyes-Forbes,8,Low
Bernard Salcedo,1,Low
Bernice Salzberg,1,Low
Bernie Larivee,5,Low
Beth Brucker,9,Low
Beth Cerroni,5,Low
Beth Davis,3,Low
Beth Kulaga,1,Low
Beth Mazor,16,Medium
Bethanie D'Andrea,1,Low
Bethany Eddy,5,Low
Bethany Martone,2,Low
Bethany Nelson,1,Low
Betsey DaSilva,15,Medium
Betsy Alexander,6,Low
Bette-Anne Corrente,17,Medium
Bettina Monaco,2,Low
Betty Mathieu,3,Low
Bev Marchione,3,Low
Beverly Burgess,6,Low
Beverly Cournoyer,1,Low
Beverly Littlejohn,3,Low
Beverly Medeiros,1,Low
Beverly Snyder,1,Low
Beverly Wootton,5,Low
Bill Bell,1,Low
Bill Duquette,4,Low
Bill Friedman,12,Medium
Bill Gilbert,1,Low
Bill Horton IV,1,Low
Bill Hurston,2,Low
Bill Iannucci,1,Low
Bill Kiriaki,1,Low
Bill Thompson,5,Low
Bob Candon,1,Low
Bob Caron,3,Low
Bob Countie,1,Low
Bob D. D'Andrea,1,Low
Bob DeCosta,3,Low
Bob DeGregorio,7,Low
Bob Keith,1,Low
Bob Mahoney,2,Low
Bob Martin,15,Medium
Bob Milkaitis,1,Low
Bob Roy,1,Low
Bob Sparn,4,Low
Bob Sparn Sparn Team,1,Low
Bonnie Begos,2,Low
Bonnie Carter,13,Medium
Bonnie Kaplan,10,Low
Bonnie Large,2,Low
Bonnie Seal,1,Low
Braulio Diaz,10,Low
Brenda Acciardo,4,Low
Brenda Ball,3,Low
Brenda Dassoni,3,Low
Brenda Fernandes,3,Low
Brenda L. Marchwicki,5,Low
Brenda Nardolillo,7,Low
Brenda Nile,5,Low
Brenda Rebello-Reyes,1,Low
Brendan Connole,1,Low
Brendan Duckworth,20,High
Brendan McLaughlin,1,Low
Brian Buonaiuto,3,Low
Brian Bursell,22,High
Brian Carpenter,19,Medium
Brian Demers,10,Low
Brian Dupont,10,Low
Brian Greene,2,Low
Brian Hickox,1,Low
Brian Janes,2,Low
Brian Marvelle,13,Medium
Brian McDonald,3,Low
Brian McGloin,11,Low
Brian Rector,1,Low
Brian White,4,Low
Briana Derry,1,Low
Brittany Jensen,1,Low
Brooke Caron,2,Low
Brooke Depot,3,Low
Bruce Burlingame,7,Low
Bruce Lane,8,Low
Bryan McKeen,2,Low
Bryan Orcutt,3,Low
Bryant Da Cruz,1,Low
Butch Simoneau,8,Low
C. N HETZNER,1,Low
C21 Realty Group,5,Low
Caitlin Clement,2,Low
Candace Breen,2,Low
Carissa Richard,1,Low
Carl Coutu,1,Low
Carl Feldman,1,Low
Carl Passarelli,5,Low
Carla Menard,3,Low
Carla Polanco,13,Medium
Carla Zimmerman,19,Medium
Carlos Almeida,6,Low
Carlos Mendes,5,Low
Carlos Ocampo,7,Low
Carmen Oquendo,1,Low
Carmino Marrapese,1,Low
Carol Battersby,1,Low
Carol Cooney,10,Low
Carol HOPKINS,1,Low
Carol LaMontagne,13,Medium
Carol LaRiviere,13,Medium
Carol Muccino,2,Low
Carol Perry,11,Low
Carol Schneider,1,Low
Carol Shaw,3,Low
Carol VICCIONE,1,Low
Carolann Silvia,2,Low
Carole Del Bonis,8,Low
Carole Scaralia,9,Low
Carole Tedeschi,8,Low
Caroline Butterfield,1,Low
Caroline Ceceri,12,Medium
Caroline Cooper,1,Low
Carolyn Bassett,11,Low
Carolyn Coleman,2,Low
Carolyn Drumm,2,Low
Carolyn Izzi,2,Low
Carolyn Kindley-Single,1,Low
Carolyn Nolan,2,Low
Carolyn Petreccia,3,Low
Carrissa Quintella,1,Low
Carter Tracy,1,Low
Cary Marcoux,1,Low
Casey Fava,5,Low
Cassandra Albergaria,3,Low
Cassandra Barone,1,Low
Cassie Krasnianski,1,Low
Cassondra Cavanagh,1,Low
Catherine Watne,1,Low
Catherine Wright,1,Low
Cathy Drinkwater,6,Low
Cathy Roseen,1,Low
Cathy Schobel,2,Low
Cathy Singer,5,Low
Cathy Sousa,4,Low
Cathy Wicks,1,Low
CC Wall Team,21,High
Celeste Costa,1,Low
Celeste Fournier,17,Medium
Celeste Robin,3,Low
Celia Almonte,4,Low
Celina Lemos,4,Low
Chad Dupuis,1,Low
Chanara Yen,6,Low
Chanthaly Morin,2,Low
Chantra Sek,7,Low
Charle Larson,1,Low
Charlene Marasco,3,Low
Charles Marine,3,Low
Charlotte Lewis,1,Low
Charlotte Mills,1,Low
Charlotte Roberts,6,Low
Chelsea Berndt,4,Low
Cheri Yanku,1,Low
Cherry Arnold,4,Low
Cheryl Commendatore,1,Low
Cheryl Cotter,3,Low
Cheryl Davis,11,Low
Cheryl Eidinger-Taylor,1,Low
Cheryl ELEY,2,Low
Cheryl Enos,3,Low
Cheryl Henshall,11,Low
Cheryl Lamothe,5,Low
Cheryl Lee Brill,8,Low
Cheryl Masciarelli,2,Low
Cheryl Roireau,1,Low
Cheryl Sampson,9,Low
Cheryl Santos,1,Low
Cheryl Walsh,4,Low
Cheryle Cantin,1,Low
Chick Silva,1,Low
Chip Parisi,1,Low
Chris Fascione,1,Low
Chris Ferreira,3,Low
Chris Field,3,Low
Chris Frechette,2,Low
Chris Healy,7,Low
Chris Henson,1,Low
Chris Piasczyk,1,Low
Chris Richard,1,Low
Chris Shaw,1,Low
Chris Slocum,1,Low
Chris Stephenson,3,Low
Chris Tanner,2,Low
Chris Whitten,4,Low
Chris Woodard,1,Low
Christa L'Heureux,1,Low
Christie Ray,1,Low
Christina Ardente,4,Low
Christina Balletto,4,Low
Christina Israel,2,Low
Christina Paesano-Gliottone,1,Low
Christina Resendes-Caswell,1,Low
Christine Brien,2,Low
Christine Corriveau,26,High
Christine DiNardi,3,Low
Christine Dupuis,10,Low
Christine Kulacz,7,Low
Christine Lawrence,2,Low
Christine MacDonald,1,Low
Christine Marotti,2,Low
Christine Meschino,1,Low
Christine Palumbo,1,Low
Christine Pascarella,10,Low
Christine Petrarca,1,Low
Christine Rocchio,6,Low
Christine Rossi,1,Low
Christine Simpson,4,Low
Christopher Brelsford,5,Low
Christopher Brosnahan,7,Low
Christopher Casieri,2,Low
Christopher Cote,1,Low
Christopher Cox,31,High
Christopher Ireland,2,Low
Christopher Jaswell,1,Low
Christopher Jolicoeur,1,Low
Christopher LESSA,3,Low
Christopher Lynch,7,Low
Christopher Montes de Oca,1,Low
Christopher Murphy,2,Low
Christopher Parayno,1,Low
Christopher Petras,10,Low
Christopher Sutherland,1,Low
Chuck Cummiskey,5,Low
Chuck Gendron,3,Low
Chuck Pollock,6,Low
Chuck Walkup,1,Low
Ciara Nallen,2,Low
Cidalia Barboza,14,Medium
Cindy Arias,2,Low
Cindy Cooke,5,Low
Cindy Corkum,4,Low
Cindy Fraielli,2,Low
Cindy Ruel,5,Low
Claire Bilida,1,Low
Claire Davenport,3,Low
Claire Jubb,15,Medium
Claudia Campanella,10,Low
Claudia Maiorana,3,Low
Claudia Philbrick,1,Low
Claudine Pande,2,Low
Cliff Davidson,21,High
Cliff Nulman,1,Low
Codi Ethier,3,Low
Colleen Conley,4,Low
Colleen Honan,1,Low
Colleen Nicholson,2,Low
Connor Dowd,1,Low
Connor Dowd Realty Group,1,Low
Consuelo Quinonez,5,Low
Corey Auger,1,Low
Corina Bonenfant,4,Low
Corleen Law,13,Medium
Cory Carney,1,Low
Courtney Moody,1,Low
Craig Luchon,9,Low
Cristina Howe,2,Low
Crystal D'Agostino,7,Low
Cynthia Antonelli,9,Low
Cynthia Cabana,1,Low
Cynthia Fernandez,3,Low
Damon Divozzi,5,Low
Dan Ferrara,20,High
Dan Liese,2,Low
Dana Micheletti,2,Low
Daniel Byrnes,2,Low
Daniel Capone,2,Low
Daniel Goggin,1,Low
Daniel Hornby,3,Low
Daniel McCusker,1,Low
Daniel O'Neil,1,Low
Daniel Ripley,1,Low
Danielle Almeida,2,Low
Danielle Armstrong,16,Medium
Danielle Dantas,11,Low
Danielle Dunn,3,Low
Danielle Frechette,10,Low
Danielle Kindberg,1,Low
Danielle Kiser,4,Low
Danielle McLeod,3,Low
Danielle Thompson,4,Low
Danny O'Shea,1,Low
Dante Lopardo,3,Low
Daralynn Dennis,1,Low
Darci Acomb,2,Low
Darleen Carley-Longo,1,Low
Darlene Reilly,2,Low
Darrell Alexander,1,Low
Darrin Viccione,1,Low
Dave Binns,1,Low
Dave Boisvert,10,Low
Dave Collier,1,Low
Dave Connors,2,Low
Dave Dubak,2,Low
Dave Miles,4,Low
Dave Patriarca,3,Low
Dave Serpa,25,High
David Abbott,8,Low
David Banigan,1,Low
David Buonaiuto,3,Low
David Carloni,1,Low
David Castellone,1,Low
David Colardo,5,Low
David DeCristo,6,Low
David Defelice,2,Low
David DeLauder,2,Low
David Drowne,1,Low
David Dunne,26,High
David Glashow,1,Low
David Gower,1,Low
David Hackett,1,Low
David Hasslinger,44,High
David Lefort,4,Low
David Lenger,3,Low
David Maggiacomo,2,Low
David Mancini,2,Low
David Nielson,4,Low
David Palermo,2,Low
David Petrone,4,Low
David Reid,1,Low
David Smiley,1,Low
David Spinella,1,Low
David Splaine,6,Low
David Tatangelo,5,Low
David Travers,2,Low
David Yacino,11,Low
Dawn Aloisio,2,Low
Dawn Barlow,2,Low
Dawn Carey,7,Low
Dawn Perrotta,4,Low
Dawn Rusin,1,Low
Dawne Nordstrom,1,Low
Dayro Jaramillo,26,High
Dean Benjamin,3,Low
Dean deTonnancourt & Associates,22,High
Dean Narodowy,1,Low
Deanna Devonis,1,Low
Deb Chennisi Team,1,Low
Deb Cordeiro,12,Medium
Deb Evans,3,Low
Deb Garneau,1,Low
Deb Hackett,23,High
Deb Jobin & Company,5,Low
Deb Lessard,5,Low
Deb Malachowski,1,Low
Deb McGann,7,Low
Deb Schusterman,1,Low
Deb Snape,1,Low
Debbie Arel,7,Low
Debbie Blanchet,60,High
Debbie Chennisi,1,Low
Debbie Ciunci Wier,9,Low
Debbie Gold,16,Medium
Debbie Grimaldi,1,Low
Debbie Scanlon,4,Low
Debbie Spivak,1,Low
Debbie Tully,1,Low
Debby Smith,12,Medium
Debi Miranda,3,Low
Debi Tofani,7,Low
Deborah Augenstein,4,Low
Deborah Burlingame,6,Low
Deborah Giannini,19,Medium
Deborah Holden,5,Low
Deborah Houghton,10,Low
Deborah Palumbo,1,Low
Deborah Plant,1,Low
Deborah Sawyer,2,Low
Deborah Scaralia Mathers,2,Low
Deborah Swift-Mathers,1,Low
Debra Almeida,2,Low
Debra Avicolli,3,Low
Debra Connetti,5,Low
Debra Cucinotta,4,Low
Debra Dalti,1,Low
Debra DeLuca,4,Low
Debra Donahue,6,Low
Debra Dziekiewicz,4,Low
Debra Fonger,7,Low
Debra Heroux,4,Low
Debra Hetu,4,Low
Debra Jobin,1,Low
Debra Mann,2,Low
Debra Miraglia,1,Low
Debra Rocchio,1,Low
Debra Torres,1,Low
Debra Viveiros,8,Low
Debra WADDINGTON,1,Low
Dee Conley,11,Low
Delmy Recinos,9,Low
DeMascole Rossi & Mann Associates,13,Medium
Denis Gagne,2,Low
Denise Boisvert,4,Low
Denise D'Amico,1,Low
Denise Guzzetti,2,Low
Denise Lato,2,Low
Denise Leonard,4,Low
Denise Loiselle,16,Medium
Denise Madeira,4,Low
Denise Mancini,11,Low
Denise Rogan,7,Low
Denise Shea,1,Low
Dennis Billias,4,Low
Dennis Bove,1,Low
Dennis Deloach,1,Low
Dennis Oliveira,4,Low
Dennis Psilopoulos,1,Low
Dennis Sackal,2,Low
Derek Brazeau,4,Low
Derek Cabrera,2,Low
Derek Eisenberg,1,Low
Derek Sackal,1,Low
Derek Simoneau,3,Low
Devon Dwyer,4,Low
Diana Barone,17,Medium
Diana Kryston,8,Low
Diana Noriega,3,Low
Diana Sanginario,2,Low
Diana Tavares,6,Low
Diane Aubin,2,Low
Diane Darrah,2,Low
Diane Fasulo,7,Low
Diane Germani,2,Low
Diane Johnson,2,Low
Diane Lazarus,17,Medium
Diane Silvia,3,Low
Dianne Lemay,1,Low
Dianne Mann,1,Low
Dianne Tarro,1,Low
Dina Karousos,2,Low
Dina Murphy,10,Low
Dino Caparco,3,Low
Dionne Fox,3,Low
Diva Quirk,4,Low
Dixon Disu,3,Low
Dolores DiMeo Carroll,6,Low
Dolores Rabuffo,1,Low
Dominique Cipriano,7,Low
Don Batten,2,Low
Don Martone,7,Low
Don Morash,1,Low
Don Parsons,6,Low
Dona Vellucci,13,Medium
Donald Coletti,9,Low
Donald Hardy,2,Low
Donald Savastano,2,Low
Donna Cash-Wiwczar,1,Low
Donna Castellone,18,Medium
Donna Conway,4,Low
Donna Dalton,4,Low
Donna Delauro,6,Low
Donna DiGiulio,11,Low
Donna Durand,1,Low
Donna Fagnant,16,Medium
Donna Feeley,2,Low
Donna Gomes,16,Medium
Donna Haynes Dwyer,2,Low
Donna Holmes,2,Low
Donna Kennedy,2,Low
Donna Lima - Johnson,7,Low
Donna Prete-Gomes,6,Low
Donna Proulx Ainsworth,5,Low
Donna Sabitoni,3,Low
Donna Silva,1,Low
Donna Valeriana,1,Low
Donna Webster,1,Low
Donnie Bennett,10,Low
Donny Nicholas,1,Low
Doreen Caruso,9,Low
Doreen Mullaly,4,Low
Doreen Peirce,10,Low
Doreen Picone,5,Low
Doreen Reynolds,2,Low
Dory Skemp,1,Low
Dottie Goulet,6,Low
Doug Bennett,14,Medium
Doug Jeffrey,13,Medium
Doug McKinnon,2,Low
Doug Mittelsteadt,5,Low
Doug Street,1,Low
Douglas Bell,1,Low
Douglas Lopez,1,Low
Dov Pick,3,Low
Duane Albro,2,Low
Duane Boucher,21,High
Duke Silva,10,Low
Dulce Peguero,11,Low
Dwight Grant,3,Low
Dwight LEIGH,2,Low
E. Cort Facteau,1,Low
Earl Adams,1,Low
ED D'Agostino,12,Medium
Ed Duffy,38,High
Ed Izeman,6,Low
Ed Kazarian,14,Medium
Ed Lemire,1,Low
Ed Morris,2,Low
Ed Viveiros,3,Low
Eddy Troiano,1,Low
Eduardo Marines,5,Low
Edward Bishop,3,Low
Edward Figueroa,1,Low
Edward Fracassa,1,Low
Edward Johnson,4,Low
Edward Kanneh,2,Low
Edward Neubauer,1,Low
Edward Pellegrino,5,Low
Edward Stachurski,1,Low
Edward West,2,Low
Eileen Ryan,2,Low
Elaine Blomenberg,4,Low
Elaine ECCLESTON,1,Low
Elaine Lemieux,1,Low
Elaine Readey,1,Low
Elaine Reavey,1,Low
Elaine Rodericks,2,Low
Eleanor San Antonio,2,Low
Elena Mauro,5,Low
Elena Yanez,11,Low
Eli Torres,1,Low
Elisabeth Peterman,1,Low
Elise Ouellette,1,Low
Elise Pansey,18,Medium
Elise Vetri,15,Medium
Elise Vetri & Associates,4,Low
Elizabeth Cooper,1,Low
Elizabeth DeSousa,3,Low
Elizabeth Kirk,3,Low
Elizabeth Murray,11,Low
Elizabeth Resendes,2,Low
Elizabeth Ruiz,4,Low
Elizabeth Walsh,3,Low
Elizete Silva,6,Low
Elle O'Donnell-Forte,1,Low
Ellen Bradley,4,Low
Ellen Brady,7,Low
Ellen Connelly,6,Low
Ellen Feole,1,Low
Ellen Kasle,23,High
Ellen Leahy,4,Low
Ellen Morrissey,3,Low
Ellyn DiRienzo,2,Low
Elmehdi Mechtaly,2,Low
Elyse Gesmondi,4,Low
Emeka Ndukwe,2,Low
Emeliza Infante,1,Low
Emily Anderson,2,Low
Emily Kheradi,4,Low
Emily Westcott,4,Low
Emma Thompson,2,Low
Emmy Dwyer,1,Low
Eric Anderson,6,Low
Eric Brouillard,19,Medium
Eric Chauvin,3,Low
Eric Gonsalves,8,Low
Eric Hahn,1,Low
Eric Kopf,1,Low
Eric Marsh,1,Low
Eric Proulx,6,Low
Eric Shields,3,Low
Erica Davies,1,Low
Erica Kregling,5,Low
Erica LeBeau,31,High
Erica Penardo,3,Low
Ericka Morales,1,Low
Erik Hanson,1,Low
Erin Hopkins,3,Low
Erin Mercer,3,Low
Erin Morse,1,Low
Erin Sheridan,6,Low
Erin Smith,2,Low
Ernest Lambert,8,Low
Ernesto Rainho,1,Low
Ernie Boren,1,Low
Erny Francisco,1,Low
Estelle Swain,1,Low
Eve C. Bonitati,2,Low
Evelyn Arias,5,Low
Evelyn Flatley,1,Low
Evelyn Tomaszewski,1,Low
Fabiola Brunache,4,Low
Fawaad Qamar,2,Low
Feighery Moniz Team,14,Medium
Feng Lei,27,High
Filomena ALTIERI,1,Low
Filomena Silva,10,Low
Fitzpatrick Team,3,Low
Flora Rocha,2,Low
Florence Byrnes,3,Low
Fran ENGLISH,2,Low
Frances Bidell,3,Low
Frances Pearson,9,Low
Francis Hiraldo,15,Medium
Francisco Batista,13,Medium
Frank Bennett,1,Low
Frank Miele,17,Medium
Frank Moreau,6,Low
Frank Rubino,1,Low
Frank Schiavone,1,Low
Frank Simonelli,2,Low
Frank Sullivan,10,Low
Fred D'Aguanno,9,Low
Fred Morra,2,Low
Fred Richenderfer,8,Low
Fred Uriot,1,Low
Freddie Rodriguez,1,Low
Frederick Morse,1,Low
Friedman Real Estate Group,1,Low
Gabe Francis,5,Low
Gail Buccafurri,4,Low
Gail Jenard,6,Low
Gail Lemek,6,Low
Gail McGinnis,1,Low
Gamaliel Ferreira,9,Low
Gammons Team,1,Low
Garret Roberts,2,Low
Garrett Mancieri,2,Low
Garry Morin,3,Low
Garry Reilly,2,Low
Gary Almeida,28,High
Gary Balletto,1,Low
Gary Diggle,1,Low
Gary Giammarco,3,Low
Gary Grande,3,Low
Gary Mallozzi,6,Low
Gary Winters,2,Low
Gayle Moone,7,Low
Gayle Sepe,1,Low
Genie Coelho,1,Low
George Avedisian,9,Low
George Calat,1,Low
George Cardono,2,Low
George Dys,1,Low
George Gardner,2,Low
George Hannouch,29,High
George Henry,3,Low
George Martini,1,Low
George Murphy,1,Low
George Potsidis,1,Low
George Stansfield,3,Low
Gerard Laferriere,4,Low
GERI Santagata,2,Low
Gerri Schiffman,73,High
Gia Parmentier,7,Low
Gian Russo,1,Low
Gian Ventilato,1,Low
Gil Campos,4,Low
Gil Medeiros,3,Low
Gilda Aldana,3,Low
Gina Howarth Team,31,High
Gina Lupino,1,Low
Gina Perry,5,Low
Gina Ronci Mohamed,10,Low
Glen Lombardi,4,Low
Glen Reichard,3,Low
Glendaliz Colon,1,Low
Glenn Carpenter,2,Low
Glenn D'Arrigo,2,Low
Glenn Lavery,1,Low
Gleyribel Rodriguez,5,Low
Gordon Riley,1,Low
Grace Flaherty,2,Low
Grace Sahagian,3,Low
Greg Contardo,4,Low
Greg Coupe,2,Low
Greg Dantas,2,Low
Greg Morrison,2,Low
Gregg LeBlond,2,Low
Gregg Rondeau,1,Low
Gregory Costa,2,Low
Gregory Datseris,7,Low
Gregory ECCLESTON,2,Low
Gregory Marderosian,1,Low
Gregory Richard,1,Low
Guerline Aurelus,6,Low
Gus Marsella,3,Low
Guy Gervais,5,Low
Guy Glennon,1,Low
Harold Lavine,1,Low
Harry Eliopoulos,1,Low
HARRY McCoy,1,Low
Harry Smith,10,Low
Heather Civitarese,1,Low
Heather DePina,4,Low
Heather Jarry,2,Low
Heather Mallory,3,Low
Heather Realejo,9,Low
Heather Renzi,1,Low
Hector Rosa,12,Medium
Heidi Farmer Piccerelli,2,Low
Heidi Kelley,7,Low
Heidi Loffredo,1,Low
Helen Coupe,1,Low
Helen Macdonald,3,Low
Helen Pirri,1,Low
Helen Townsend,6,Low
Helene Dominguez,17,Medium
Henry Priest,3,Low
Hermano Pereira,1,Low
Hilda Vargas,1,Low
Hill Harbor Group,51,High
Hollie Curtis,5,Low
Holly Bellucci,23,High
Holly Richendrfer,4,Low
Holly Ritter,3,Low
Hope Brady,1,Low
Howard Lukoff,2,Low
Howie Julian,1,Low
Howie Reiner,8,Low
Hugo Gomes,1,Low
Ian Iannuccilli,1,Low
Ilanna Ball,5,Low
Ilensi Rodriguez,6,Low
Indira Fontalvo,11,Low
Inessa Moshkina,5,Low
Irene Goulet,14,Medium
Irene Levesque,1,Low
Iris Ribeiro,1,Low
Irma Barrios,3,Low
Irma Bolanos,6,Low
Isabel Amado,3,Low
Isabel Ferreira,5,Low
Isabel Garcia,3,Low
Ivelisse Rodriguez,3,Low
Ivy Lamonica,21,High
Izabella Whiting,6,Low
J. Christopher Real Estate Group,20,High
J. Dolan,10,Low
J. Ronald Brochu,2,Low
Jack Galvao,6,Low
Jack Harrington,4,Low
Jack McVicker,1,Low
Jack Silberman,3,Low
Jackie Cranwell,1,Low
Jackie Lenahan,3,Low
Jackie Russell,1,Low
Jacklyn Barraza,5,Low
Jacob Rochefort,12,Medium
Jacqueline Mallett,2,Low
Jacquelyn Clegg,6,Low
Jaime Moretti,5,Low
Jaime Rua,4,Low
Jake BURKE,2,Low
James Downes,1,Low
James Ferguson,1,Low
James Girardi,7,Low
James Howard,2,Low
James Jodoin,6,Low
James Karalekas,13,Medium
James Luth,18,Medium
James Merida,2,Low
James Moore,1,Low
James San Giovanni,11,Low
James Wardick,1,Low
James Wilkie,3,Low
Jamie Rebello,10,Low
Jamison Monello,6,Low
Jan D'Angelo,3,Low
Jan Hall,3,Low
Jan Hay,5,Low
Jan Malcolm,6,Low
Jan Parrillo,4,Low
Jan Truitt,3,Low
Jane Driver,18,Medium
Jane Larsen,9,Low
Jane Marshall,4,Low
Janet AUDET,7,Low
Janet Dolber,3,Low
Janet Ellis,8,Low
Janet Flori,3,Low
Janet Fromm,8,Low
Janet Kowalski,4,Low
Janet Maloy,1,Low
Janet Morrissey,1,Low
Janet Scaralia,3,Low
Janet Towner,4,Low
Janice Barta,1,Low
Janice Costello,3,Low
Janice Geddes,20,High
Janice Henry,4,Low
Janie Aracil,1,Low
Janie Woodard,1,Low
Janis CAPPELLO,1,Low
Jared Iannelli,1,Low
Jared Tomassi,2,Low
Jarle Gervacio,1,Low
Jarrod Atteridge,1,Low
Jarrod Lewis,40,High
Jarrod Rocha,3,Low
Jasmine Melo,7,Low
Jason Bombardier,1,Low
Jason Boulay,2,Low
Jason Clark,3,Low
Jason Corsini,11,Low
Jason Etting,1,Low
Jason Farley,4,Low
Jason Ferri,2,Low
Jason Gelfuso,8,Low
Jason Healey,5,Low
Jason McAloon,2,Low
Jason Monterecy,7,Low
Jason Quinn,5,Low
Jason Saphire,10,Low
Jay Badger,2,Low
Jay Rezendes,20,High
Jay Shaw,2,Low
Jayne Furlong,3,Low
Jazz Napolitano,10,Low
Jean Allard,5,Low
Jean Clarke,13,Medium
Jean Fallago,1,Low
Jean Ingraham,1,Low
Jean Marzilli,9,Low
Jean Rhau,4,Low
Jean Tinsworth,11,Low
Jeanie Gorrie,5,Low
Jeanne Derham,3,Low
Jeanne Elson Gordon,2,Low
Jeanne Lomastro,4,Low
Jeanne Powers,1,Low
Jeanne Smith-Haroian,1,Low
Jeanne Smith Team,1,Low
Jeannine Therriault,1,Low
Jeff Clare,3,Low
Jeff Dugal,1,Low
Jeff HAMILTON,5,Low
Jeff Harris,11,Low
Jeff Leduc,13,Medium
Jeff Silva,3,Low
Jeff St. Germain,2,Low
Jeff Walmsley,1,Low
Jeff&Evelyn Weller Team,3,Low
Jeffrey Allaire,3,Low
Jeffrey Davenport,3,Low
Jeffrey Fontaine,10,Low
Jeffrey Infante,22,High
Jeffrey Jaquith,4,Low
Jeffrey Mateus,67,High
Jeffrey Mooney,1,Low
Jeffrey Wolstencroft,2,Low
Jehane McDonald,3,Low
Jenn Mailloux,3,Low
Jenn Pereira,8,Low
Jenna Mancini,2,Low
Jennifer Boucher,8,Low
Jennifer Cardenas,3,Low
Jennifer Clark,1,Low
Jennifer DeLeon Costa,2,Low
Jennifer Dziedzic,1,Low
Jennifer Eaton,2,Low
Jennifer Feighery,2,Low
Jennifer Herker,1,Low
Jennifer Higham,4,Low
Jennifer Hyland,1,Low
Jennifer Josselyn,3,Low
Jennifer Lemme,8,Low
Jennifer Mello,3,Low
Jennifer Mencarini,3,Low
Jennifer Mendez,1,Low
Jennifer Moretti,5,Low
Jennifer Naylor,4,Low
Jennifer O'Hearne,26,High
Jennifer Petreccia,14,Medium
Jennifer Powers,2,Low
Jennifer Santosuosso,1,Low
Jennifer Valle Carpio,5,Low
Jennifer Vecoli,1,Low
Jenny Buss,1,Low
Jenny Clement,2,Low
Jeremie Blum,6,Low
Jeremy Bailey,5,Low
Jeremy Krause,8,Low
Jeremy Marcotte,1,Low
Jerry Consove,13,Medium
Jess Powers,18,Medium
Jessica Andrade,2,Low
Jessica Antonelli,7,Low
Jessica Azarian,1,Low
Jessica Braza,4,Low
Jessica Chase,2,Low
Jessica Gavigan,1,Low
Jessica Giorgi,6,Low
Jessica Hopkins,1,Low
Jessica Kalogeras,1,Low
Jessica Lowenhaupt,1,Low
Jessica Rebello,15,Medium
Jill Gallant,2,Low
Jill Lawler,1,Low
Jill Russo,1,Low
Jill Weathers,3,Low
Jillian Sypole,1,Low
Jim Abbott,1,Low
Jim Baptista,1,Low
Jim Conway,1,Low
Jim DelBonis,8,Low
Jim DeRentis,25,High
Jim DiMaio,1,Low
Jim Kacewicz,11,Low
JIM LECLAIR,1,Low
Jim Mancini,4,Low
Jim Newcomb,5,Low
Jim Nispel,3,Low
Jim Silberman,1,Low
Jimmy Andrade,10,Low
Jimmy Ranieri,24,High
Jo-Ann Albanese,5,Low
Jo-Ann Carlton,6,Low
Jo-Ann Molinaro,25,High
Jo Anne Samborsky,13,Medium
Joan Belleavoine,1,Low
Joan Crocker,1,Low
Joan M. Bianco,3,Low
Joan Rothemich,1,Low
JoAnn Silva,2,Low
Joann Silvia,11,Low
Joanna Ruiz,2,Low
Joanne Chang,2,Low
JoAnne Hernandez,7,Low
Joanne Perella,1,Low
JoAnne Rossi,7,Low
Jocelyn Vieira,1,Low
Jodi Hedrick,3,Low
Jodie Jordan,14,Medium
Jodie Lynn Marinosci Smith,8,Low
Jodie Neville,3,Low
Jody Martins,6,Low
Joe DeChristofaro,8,Low
JOE Garcia,3,Low
Joe LaCroix,1,Low
Joe Luca,16,Medium
Joe Matteo,1,Low
Joe McCarthy,12,Medium
Joe Olivelli,7,Low
Joe Roch,12,Medium
Joe Sekac,2,Low
Joe Spremulli,2,Low
JOE TRILLO,1,Low
Joel Dargan,1,Low
Joel Langlois,2,Low
Joellen Wunner,2,Low
Johanna Ferrucci,1,Low
Johanna Stauff,1,Low
Johanna Stephenson,8,Low
John Adalio,1,Low
John Anderson,1,Low
John Baffoni,3,Low
John Barros,1,Low
John Berardi,1,Low
John Bessette,18,Medium
John Bianco,2,Low
John Blanchet,2,Low
John Brady,3,Low
John Chapski,8,Low
John Colafrancesco,1,Low
John D'Ellena,2,Low
John Eunis,2,Low
John Ferri,10,Low
John Gonsalves,19,Medium
John Gower,7,Low
John Hagberg,1,Low
John Janusz,1,Low
John Kelleher,2,Low
John Kidd,2,Low
John Lima,3,Low
John Lynch,2,Low
John Manocchio,29,High
John May,1,Low
John McCann,3,Low
John McCarthy,2,Low
John McFeeley,1,Low
John Monacelli,1,Low
John Moretti,12,Medium
John Morgan,4,Low
John Morookian,3,Low
John Overy,3,Low
John Palla,7,Low
John Plouffe,1,Low
John Risica,18,Medium
John Ruginski,1,Low
John Saviano Jr,1,Low
John Sheil,1,Low
John Skeffington,7,Low
John Somyk,13,Medium
John St. Martin,2,Low
John Teixeira,2,Low
John TOMASSO,3,Low
John Travers,1,Low
John Tripodi,51,High
John Vartanian,5,Low
John White,1,Low
John Zadroga,17,Medium
John Zeitler,1,Low
Johna Medeiros,2,Low
Johnna Beckmann,2,Low
Johnna Masala,5,Low
Jon Biliouris,7,Low
Jon George,1,Low
Jon Restivo,1,Low
Jonathan Annear,1,Low
Jonathan Hall,2,Low
Jonathan Tavares,4,Low
Jonathan Tetrault,6,Low
Jonathan Weinstein,9,Low
Jordan Blasbalg,3,Low
Jordan DaSilva,2,Low
Jordan Ross,4,Low
Jose AGUON,1,Low
Jose Diaz,8,Low
Jose Galvez,9,Low
Jose Mendez,12,Medium
Jose Taveras,3,Low
Joseph Acciardo,1,Low
Joseph Arroyo III,1,Low
Joseph Botelho,12,Medium
Joseph Brennan,2,Low
Joseph Caprara,1,Low
Joseph Colaluca,11,Low
Joseph Del Sesto,16,Medium
Joseph Dias,3,Low
Joseph DiLibero,3,Low
Joseph Elliott,2,Low
Joseph Fraioli,1,Low
Joseph Geaber,2,Low
Joseph Hunt,5,Low
Joseph Martra,2,Low
Joseph Mullen,24,High
Joseph Paiva,2,Low
Joseph Paolino,2,Low
Joseph Pytka,24,High
Joseph Richa Durette,1,Low
Joseph Santoro,4,Low
Joseph Signore,1,Low
Joseph Spada,12,Medium
Joseph Varone,1,Low
Josh Pereira,5,Low
Joshua Albizu,1,Low
Joshua Cassino,2,Low
Joshua Cullion,20,High
Joshua Deaner,29,High
Joshua DeBrossard,7,Low
Joshua DePalma,2,Low
Joshua Leard,3,Low
Joshua West,4,Low
Joy Riley,2,Low
Joyce Antoniello,1,Low
Joyce Hughes,5,Low
Joyce Motta,5,Low
Joyce Solomon,1,Low
Joyce Teixeira,30,High
Joyce Waterhouse,1,Low
JP Pagano,4,Low
Judi Fiske,1,Low
Judith Chace,2,Low
Judith McNamara,2,Low
Judy ALBANESE,22,High
Judy Brady,2,Low
Judy Cabral,2,Low
Judy Croyle,11,Low
Judy Mastalerz,3,Low
Judy McAuley,7,Low
Julia Harpin,5,Low
Juliana Fraioli Wilson,2,Low
Julie Ann Dempsey,1,Low
Julie Boyle,1,Low
Julie Chalue,7,Low
Julie Etter,6,Low
Julie Grundy,1,Low
Julie Lauro,1,Low
Julie LeBlanc,5,Low
Julie Longtin,8,Low
Julie Pettigrew,1,Low
Julio Rodriguez,7,Low
June Coan,1,Low
June Mullen,1,Low
Justin Ferland,1,Low
Justin Fox,4,Low
Justin Hetherington,8,Low
Justin Madoff,1,Low
Justin Mandese,2,Low
Justin Russillo,3,Low
Kaitlyn Curran,2,Low
Kara Guerette,2,Low
Karen Barney,2,Low
Karen Boghossian,2,Low
Karen Bouchard,2,Low
Karen Catuogno,1,Low
Karen Colli,6,Low
Karen DelVecchio-Ansay,3,Low
Karen Florio,1,Low
Karen Hersum,1,Low
Karen Hurst,1,Low
Karen LeBLANC,1,Low
Karen Lee Osman,3,Low
Karen Miller,16,Medium
Karen Moreau,18,Medium
Karen Norato,4,Low
Karen Primeau,1,Low
Karen Puleo Aiello,3,Low
Karen Torrico,8,Low
Karen Zuccolo,1,Low
Karina Taveras,3,Low
Karl Martone,41,High
Karolyne Lucia,2,Low
Karyn Kopecky,5,Low
Kate Coogan,3,Low
Kate DeSimone,5,Low
Kate Foster,2,Low
Kate Littlefield,4,Low
Katelyn Medeiros,1,Low
Katherine Duggan,2,Low
Katherine Jette,1,Low
Katherine Riley,1,Low
Kathi Sullivan,3,Low
Kathleen Coutu,16,Medium
Kathleen Leveille,4,Low
Kathleen McCrea,6,Low
Kathleen Murray,4,Low
Kathleen Odell,4,Low
Kathleen Santos,3,Low
Kathleen Stoddart,2,Low
Kathleen Vaillancourt,7,Low
Kathryn Worthington,4,Low
Kathy Bain Farrell,14,Medium
kathy Cardente,6,Low
Kathy Donovan,1,Low
Kathy Kourakis,1,Low
Kathy Schmitt,2,Low
Kathy Souza,13,Medium
Katia Lugo,3,Low
Katie Cocuzzo,14,Medium
Kay McAleer,1,Low
Kaydi McQuade,5,Low
Keith L'Heureux,5,Low
Keith Niles,1,Low
Keith St. Jean,5,Low
Keith Volpicelli,6,Low
Kelley Stone-Gardner,2,Low
Kelli Improta,4,Low
Kelli Lancaster,1,Low
Kellie Marcil,2,Low
Kelly Croteau,1,Low
Kelly Granados,4,Low
Kelly King,1,Low
Kelly Leclaire,8,Low
Kelly Pope,2,Low
Kelly Rodriguez,1,Low
Kelly Zexter,3,Low
Kelsey Shurtleff,1,Low
Ken Brennan,1,Low
Ken Schadegg,2,Low
Ken Wilcox,6,Low
Kenneth Phillips,1,Low
Kenneth Plymesser,1,Low
Kenneth Scotti,10,Low
Kenneth Taylor,2,Low
Kenny Farrow,5,Low
Keri Lagor,6,Low
Keri LaMontagne Croteau,2,Low
Keri Roy,6,Low
Kerri-Lynn Tompkins,1,Low
Kerri Gemma,8,Low
Kerri Payne,7,Low
Kerri Stetson,28,High
Kerrie Doyle,1,Low
Kevin Bequir,2,Low
Kevin Bochner,4,Low
Kevin Cooney,13,Medium
Kevin Darrow,2,Low
Kevin Dohoney,4,Low
Kevin Estrela,4,Low
Kevin Fox,56,High
Kevin Garabedian,1,Low
Kevin Mohamed,6,Low
Kevin Shepherd,7,Low
Kevin Stockwell,8,Low
Kevin Whitworth,3,Low
Kiersten Luis,3,Low
Kileen Mitchell,2,Low
Kim Alarie,2,Low
Kim Correia,21,High
Kim Davis,10,Low
Kim Deacon,2,Low
Kim Ellin,5,Low
Kim Fleming,1,Low
Kim Holland,1,Low
Kim Jordan,1,Low
Kim MacIntosh,2,Low
Kim Michalik,1,Low
Kim Teves,9,Low
Kimberly Balkun,2,Low
Kimberly Barrows,4,Low
Kimberly Hawthorne,4,Low
Kimberly Ide,1,Low
Kimberly Kaiser,2,Low
Kimberly Labonte,1,Low
Kimberly Prasinos,2,Low
Kimberly Winslow,12,Medium
Kimberly Wooten,1,Low
Kira Greene,29,High
Kory Blythe,1,Low
Koury Signoriello,5,Low
Kris Dwyer,5,Low
Kristen Martel-Moniz,1,Low
Kristen Moore,37,High
Kristen Roy,2,Low
Kristen Zambarano,4,Low
Kristin Chwalk,1,Low
Kristin Coletti,4,Low
Kristin Fontaine,12,Medium
Kristin Green,5,Low
Kristin Sheehan,1,Low
Kristine Aiello,1,Low
Krystal Amaral,1,Low
Krystal Lee Pora,1,Low
Kurt Franklin,2,Low
Kurtis Parisi,1,Low
Kyle Costa,1,Low
Kyle McNamara,1,Low
Kyle Nugent,3,Low
Kyle Seyboth,194,High
Kyle Silvia,1,Low
Lana Drew,2,Low
Lana Wilson,2,Low
Lance Bennett,1,Low
Lanre Owojori,1,Low
Larissa Demirs,1,Low
Larissa Truppa,1,Low
Larry McNulty,6,Low
Larry Pierce,8,Low
Laura-Jean Ferranti,7,Low
Laura Armstrong,3,Low
Laura Broadbent,1,Low
Laura Butler,1,Low
Laura Dauphinais,16,Medium
Laura Fortin,1,Low
Laura Gessman,4,Low
Laura Kinsella,2,Low
Laura Nicholson,1,Low
Laura Vecchiarelli,2,Low
Lauraine Holden,1,Low
Lauren Boscia,8,Low
Lauren Dwyer,1,Low
Lauren Germani,1,Low
Lauren Goldman,1,Low
Lauren Grilli,5,Low
Lauren Plumb,2,Low
Lauren Schaller,3,Low
Lauren Sousa,4,Low
Lauren Topinka,1,Low
Laurie Audet,11,Low
Laurie Cianci,2,Low
Laurie Dickey,3,Low
Laurie Fletcher,3,Low
Laurie Frizzell,1,Low
Laurie Sokoloski,1,Low
Laurie Turchetti,1,Low
Lavonne Lopes,9,Low
Leah Abbate,1,Low
Leah Her,7,Low
Leann D'Ettore,12,Medium
Leart Mezini,2,Low
Lee Meyer,3,Low
Lee Mita,4,Low
Leesa Michael,1,Low
Len Stabile,3,Low
Lenore Leach,1,Low
Leo TATANGELO,2,Low
Leonardo Espinal,4,Low
Leonel Estrada,1,Low
Leonor DaSilva,16,Medium
Leroy Archibald,1,Low
Les Ingalls,11,Low
Leslie Donfrancesco,10,Low
Leslie Fleming,2,Low
Leslie Kellogg,7,Low
Leslie LaForest-Branchaud,4,Low
Leslie Lusi,1,Low
Leslie Paradis,1,Low
Lesly Renfro,2,Low
Lester JORDAN,2,Low
Levi Tanksley II,2,Low
Lillian Morel,1,Low
Linda ALLCOCK,2,Low
Linda Bessette,3,Low
Linda Campopiano,1,Low
Linda Ceprano,21,High
Linda Cicchelli,2,Low
Linda Delach,17,Medium
Linda Dewing,1,Low
Linda DiMauro,3,Low
Linda Drainville,5,Low
Linda EICHENFELDT,1,Low
Linda Elliot,11,Low
Linda Gablinske,1,Low
Linda Glynn,6,Low
Linda Julian,2,Low
Linda Mittleman,3,Low
Linda Morrissey,34,High
Linda O'Rourke,2,Low
Linda Romano,3,Low
Linda Rothwell,1,Low
Linda Souza,1,Low
Linda Tatarian,4,Low
Linda Traversie,2,Low
Linda Vario,3,Low
Lindsay Brown,33,High
Lindsay Castergini,1,Low
Lindsay Mathewson,1,Low
Lindsay Mills,2,Low
Lindsay Votto,10,Low
Lindsey Duckworth,2,Low
Lisa Avedisian,1,Low
Lisa Barbary,39,High
Lisa Carpenter,6,Low
Lisa Carreiro,3,Low
Lisa Courtney,5,Low
Lisa Duffy,1,Low
Lisa Foster-Pacheco,4,Low
Lisa Fox,14,Medium
Lisa Gagnon,12,Medium
Lisa Gauvin,1,Low
Lisa Glowacki,2,Low
Lisa Goulet,11,Low
Lisa Halajko,18,Medium
Lisa Harrison,22,High
Lisa Hassett,13,Medium
Lisa Jester,6,Low
Lisa Johnson,1,Low
Lisa LaMontagne-Beausoleil,7,Low
Lisa Mastors,1,Low
Lisa Pagano,4,Low
Lisa Raiche,1,Low
Lisa Ranglin,4,Low
Lisa Raposa,18,Medium
Lisa Robertus Poole,4,Low
Lisa Russo,8,Low
Lisa Santagata-O'Neill,1,Low
Lisa Schryver,4,Low
Lisa Shaw,2,Low
Lisa Szaro,1,Low
Lisa Villarreal,1,Low
Lisa Walker,5,Low
Lisa White,5,Low
Lise Holst,8,Low
Liz Bodell,2,Low
Liz Kettelle,7,Low
Liz Provencher,5,Low
Lizzabeth Brown,2,Low
Lois Lettieri,2,Low
Lois McPheeters,1,Low
Lori Angelotti,1,Low
Lori Carreiro,5,Low
Lori DelSesto,4,Low
Lori Eley,2,Low
Lori Gardiner,10,Low
Lori Marchetti,1,Low
Lori McPheeters,7,Low
Lori McVey,10,Low
Lori Moore,1,Low
Lori Mulberry,3,Low
Lori Nery,1,Low
Lori Poirier,6,Low
Lori Raymond,1,Low
Lori Rossi,7,Low
Lori Rudd,5,Low
Lori Santilli,3,Low
Lori Silvia,3,Low
Lori weinacker,2,Low
Lorraine Bandoni,14,Medium
Lorraine Dunsmore,3,Low
Lorraine Grimley,2,Low
Lorraine Riendeau,5,Low
Louanne Jennings,1,Low
Louanne Lambert,2,Low
Louis Alfaia,3,Low
Louis Barrows,21,High
Louise Fontaine,4,Low
Lucy Bettencourt,2,Low
Lucy Heelon,18,Medium
Lucy Reid,18,Medium
Luis Caceres,9,Low
Luis Colon,2,Low
Luis Mateus,31,High
Luis Vicioso,6,Low
Luisa Lopes,11,Low
Luxury Group Luxury Group,2,Low
Luz Johnson,2,Low
Lydia Lopes,8,Low
Lydia Mayson,3,Low
Lydia Rajunas,1,Low
Lydia Smith,1,Low
Lydia Thomas,1,Low
Lyn Giarrusso,8,Low
Lyn Robinson,2,Low
Lynda Peters,1,Low
Lynda Terhune,1,Low
Lynn Brosnahan,15,Medium
Lynn DiPippo,1,Low
Lynn Doyle,3,Low
Lynn Forlini,7,Low
Lynn Leffray McCall,2,Low
Lynn Smiley,2,Low
M. Connie Soares-Felix,20,High
M.B.A. Realty Group,1,Low
M.Jacqueline Marovelli,9,Low
M.Luci Stoddard,17,Medium
MacClen Pierre,2,Low
Madinat Kuforiji,1,Low
Madonna Giordano,15,Medium
Maggie Ray,3,Low
Maira Roca-Flores,1,Low
Malaina Kelly,4,Low
Mandie Sullivan,8,Low
Manny Camelo,2,Low
Manny Menezes,5,Low
Manuel Souza,3,Low
Manyeli Fernandez,4,Low
Marc Bibeault,6,Low
Marc Lonchay,4,Low
Marc Santos,1,Low
Marcel Robert,3,Low
Marci Shepherd,1,Low
Marco Harrington,19,Medium
Margaret Boland,3,Low
Margaret Farley,7,Low
Margaret Lessa,1,Low
Margaret Malloy,1,Low
Margaret McGowan-Skinner,1,Low
Marge Jacob,15,Medium
Marge Levy,1,Low
Maria Berrios,3,Low
Maria Correia,3,Low
Maria Garcia,9,Low
Maria Levesque,3,Low
Maria Marcotte,1,Low
Maria Martin,9,Low
Maria Maslen,4,Low
Maria Rico,1,Low
Maria Sion,6,Low
Maria Tortolani,1,Low
Maria Useinoski,4,Low
Maria Volpe,2,Low
Maria Wah-Fitta,2,Low
Marian Evans,1,Low
Mariana Freitas Novo,2,Low
Mariann Miceli,1,Low
Marianne Liebman,1,Low
Marie Fisher,2,Low
Marie Mauricio,3,Low
Marie Puleo Flaherty,28,High
Marilyn Bennett,15,Medium
Marilyn Boyce,1,Low
Marilyn DePetrillo,8,Low
Marilyn Monahan,7,Low
Marilynn Burmeister,1,Low
Marino De La Cruz,8,Low
Marion Page,1,Low
Marisela Vasquez,10,Low
Marissa Aniconi,2,Low
Marissa DeCrescenzo,1,Low
Marjorie Goward,4,Low
Mark Atkinson,5,Low
Mark Barter,2,Low
Mark Brown,1,Low
Mark Dechambeau,1,Low
Mark DeCosta,1,Low
Mark Ferreira,1,Low
Mark Leeman,18,Medium
Mark McHugh,5,Low
Mark Oltedale,1,Low
Mark Raymond,6,Low
Mark Reo,1,Low
Mark Vieira,1,Low
Mark Warrener,1,Low
Markham and Derentis Associates,59,High
Marla Coletta,4,Low
Marlene Harrington,1,Low
Marong Tho,10,Low
Marsha WELCH,1,Low
Marta Ferguson,1,Low
Martha Easley,1,Low
Martha Gagnon,14,Medium
Martin Custodio,6,Low
Martin Saklad,5,Low
Mary Ann Sinapi,2,Low
Mary Ann Sousa,1,Low
Mary Beth Frye,1,Low
Mary Bruni,1,Low
Mary Carocci,1,Low
Mary Collins,1,Low
Mary Coutu,1,Low
Mary Crane,1,Low
Mary Cuomo,3,Low
Mary Doo,1,Low
Mary Ellen Rose,6,Low
Mary Iacono,3,Low
Mary Jane Cressman,1,Low
Mary Jo Fidalgo-Tavares,3,Low
Mary Kammerer,1,Low
Mary Kreft,3,Low
Mary Lyons,3,Low
Mary Marcello,4,Low
Mary McKenna,1,Low
Mary McNally,2,Low
Mary O'Brien,9,Low
Mary Poirier,1,Low
Mary Pugliese,3,Low
Mary Shekarchi,3,Low
Mary Signoriello,1,Low
Mary Vingi,2,Low
Maryann Crudale,13,Medium
Maryann Papa,3,Low
Maryanne Paquin,2,Low
MaryBeth Frye,1,Low
MaryLee McDonough,1,Low
Matilde Miolan-Regus,13,Medium
MATT Molloy,2,Low
Matt Patty Team,3,Low
Matt Perrino,4,Low
Matt Sousa,1,Low
Matthew Escaler,11,Low
Matthew Goudreau,2,Low
Matthew Hevenor,1,Low
Matthew Kachanis,22,High
Matthew Patty,1,Low
Matthew Phipps,3,Low
Matthew Pita,2,Low
Matthew St. Ours,3,Low
Matthew Stuart,2,Low
Matthew Tresca,10,Low
Maura VonDeck,2,Low
Maureen DelFarno,2,Low
Maureen Fisher,1,Low
Maureen Handy,21,High
Maureen McGovern,5,Low
Maureen Ridgely,2,Low
Max Heidel,1,Low
Mayungbe Adeniyi,3,Low
Mazen Alsabe,4,Low
Medelise Reifsteck,2,Low
Megan Gonsalves,2,Low
Megan Pimentel,1,Low
Meghan Butler,2,Low
Meghan Hopkins,2,Low
Meghan Rose,1,Low
Meghan Warhola,1,Low
Mel Antonio,3,Low
Melanie Jacques,4,Low
Melanie Koukos,1,Low
Melanie Lawton,1,Low
Melanie Quirk,15,Medium
Melillo Noble,3,Low
Melissa Baker,2,Low
Melissa Beliveau,6,Low
Melissa Correia,1,Low
Melissa D'Elia,4,Low
Melissa Drolet,3,Low
Melissa Grylls,3,Low
Melissa Menard,1,Low
Melissa Oliver,1,Low
Melissa Perrille,2,Low
Melissa Rampone,2,Low
Melissa Riley,38,High
Melissa Smith,3,Low
Melody Glenn,4,Low
Meredith LeBlanc,1,Low
Meredith Milner,1,Low
Michael Alves,1,Low
Michael Anselmo,2,Low
Michael Brennan,4,Low
Michael Brown,2,Low
Michael Brule,3,Low
Michael Capuano,4,Low
Michael Casieri,1,Low
Michael Colombo,1,Low
Michael Connell,2,Low
Michael DeVos,1,Low
Michael Dias,6,Low
Michael DiPaola,3,Low
Michael Duffy,7,Low
Michael Favicchio,1,Low
Michael Feiler,1,Low
Michael Ferreira,4,Low
Michael Field,2,Low
Michael Furia,3,Low
Michael Glynn,13,Medium
Michael Grandchamp,1,Low
Michael Lambrese,16,Medium
Michael Lavery,1,Low
Michael Lopes,3,Low
Michael McVey,1,Low
Michael Miele,8,Low
Michael Milano,5,Low
Michael Morris,2,Low
Michael Murphy,4,Low
Michael Navoian,1,Low
Michael O'Brien,1,Low
Michael Palana,1,Low
Michael Pinelli,15,Medium
Michael Plante,14,Medium
Michael Portrais,1,Low
Michael Rocchio,1,Low
Michael Rodriguez,1,Low
Michael Rominyk,1,Low
Michael Ruben,2,Low
Michael Russo,29,High
Michael Saccoccio,19,Medium
Michael Silva,1,Low
Michael Solotke,3,Low
Michael Stearns,2,Low
Michael Sweeney,7,Low
Michael Taylor,1,Low
Michael Veltri,9,Low
Michael Zannini,6,Low
Michael Zompa,21,High
Michaela Chambers,1,Low
Michaela Hermann,1,Low
Michaela Massey,9,Low
Michaela Sousa,1,Low
Michel Lapensee,1,Low
Michele Cerreta,16,Medium
Michele Dias,2,Low
Michele Doherty,1,Low
Michele Gerosa,1,Low
Michele Heard,1,Low
Michele Hogan,3,Low
Michelle Bruning,4,Low
Michelle Cartwright,1,Low
Michelle Cartwright  Co,6,Low
Michelle D'Ercole,2,Low
Michelle Ferrara,2,Low
Michelle Jordan,2,Low
Michelle Keach,11,Low
Michelle Pacheco,1,Low
Michelle Richard,3,Low
Michelle Rockwell,2,Low
Michelle Savastano,13,Medium
Michelle Snoeren,6,Low
Michelle Verry,5,Low
Michelle Weisman,4,Low
Mick Hoegen,9,Low
Mike Behm,6,Low
Mike Cloutier,8,Low
Mike Duggan,1,Low
Mike Dyakiv,2,Low
Mike Maven Mathieu,12,Medium
MIKE McElroy,5,Low
Mike Mita,2,Low
Mike Navoian,2,Low
Mike Pereira,8,Low
Mike Tessier,2,Low
Milko Ugarte,4,Low
Millie Pereira,37,High
Mindy Lane,1,Low
Miriam Novas,6,Low
Missie Rose,31,High
Mita Team Mita Team,2,Low
Moe Mills,1,Low
Monalisa Aguiar,33,High
Monica VanDeventer,3,Low
Monika Picard,3,Low
Monique Robert,2,Low
Morgan McKay,2,Low
Muhammad Mushtaq,2,Low
Myra Braverman,1,Low
Nance Crawley,5,Low
Nancy Casimiro,20,High
Nancy Castagliuolo,2,Low
Nancy Copeland,1,Low
Nancy Cresser,1,Low
Nancy Denelle,22,High
Nancy Lerner,3,Low
Nancy Lesperance,1,Low
Nancy Marinelli,1,Low
Nancy Markham,2,Low
Nancy McKenna,1,Low
Nancy Miranda,1,Low
Nancy Reall,8,Low
Nancy Rojas,2,Low
Nancy Rossi,6,Low
Nancy Ryan,3,Low
Nancy Weaver,1,Low
Nancy Ziroli,5,Low
Nanda Fernandes,1,Low
Natalia Falcone,2,Low
Natasha Horvatic,5,Low
Nate Chatterley,2,Low
Nathan Clark,2,Low
Nathan Clark Team,202,High
Nathan Kirk,2,Low
Nathan Silvaggio,5,Low
Ned Murtha,3,Low
Neil Libby,2,Low
Neil ZARTARIAN,1,Low
Nelly Branez,12,Medium
Nelson Esteves,44,High
Nelson Ferreira,1,Low
Nelson Sena,16,Medium
Nelson Taylor,1,Low
Next Move Realty Group,2,Low
Nga Le,7,Low
Nicholas Acquaviva,6,Low
Nicholas Albanesa,3,Low
Nicholas Famulari,4,Low
Nicholas Ferrara,2,Low
Nicholas Pardy,2,Low
Nicholas Serino,2,Low
Nicholas Tasso,1,Low
Nicholas Vicario,2,Low
Nick Delafano,7,Low
Nick Giesinger,4,Low
Nick Muschiano,9,Low
Nick Oneppo,1,Low
Nick Slocum,3,Low
Nicki Ann Tyska,1,Low
Nicole Duarte,9,Low
Nicole Garlick,1,Low
Nicole Hofstetter,7,Low
Nicole Martin,1,Low
Nicole Selema,2,Low
Nicole Sheusi,2,Low
Nikki Gianulias,3,Low
Noel DaSilva,7,Low
Non-Mls Member,257,High
Nora Wuraftic,1,Low
Norm Jolicoeur,10,Low
Norma Burgos-Rivero,13,Medium
Norma Jean Pirri,4,Low
Norman Beretta,1,Low
Norman Chin,2,Low
Norman Harrison,12,Medium
Norman TOBIN,3,Low
NORMAN TOBIN,1,Low
Noshina Khalid,1,Low
Olga Beauregard,2,Low
Olga Fino,2,Low
Olivia Ma,4,Low
Onetia Price-Hall,7,Low
Orlando Rodrigues,4,Low
Oscar Almeida,1,Low
Osvaldo Monteiro,5,Low
Padric Meagher,4,Low
Palladian Group,4,Low
Pam Anderson,10,Low
Pam Burdon,6,Low
Pam Christy,4,Low
Pam Reis,42,High
Pam Soule,3,Low
Pamela Arnold,1,Low
Pamela Hogan,2,Low
Pamela Lahousse,1,Low
Pamela Rousseau,1,Low
Pamela Zales,2,Low
Pat Corso,1,Low
Pat Lally,1,Low
Pat Ledoux,5,Low
Pat Murphy,19,Medium
Pat Oliver,1,Low
Pat Robitaille,1,Low
Pat Tripodi,5,Low
Patrice O'Neil,1,Low
Patricia Deal,1,Low
Patricia Fellmann,2,Low
Patricia Gazzola,1,Low
Patricia Helie,1,Low
Patricia Locke Little,1,Low
Patricia Melucci,4,Low
Patricia Sierra,12,Medium
Patricia Simonin,1,Low
Patricia Tinnell,7,Low
Patricia Wash,5,Low
Patrick Croke,4,Low
Patrick Gallagher,2,Low
Patrick Murray,1,Low
Patsy Peterson,3,Low
Patt Pagliarini,1,Low
Patti Hunt,4,Low
Patty Bain,53,High
Paul Dalpe,6,Low
Paul DeCesare,6,Low
Paul Donnelly,2,Low
Paul Faella,1,Low
Paul Gagnon,3,Low
Paul Harrison,2,Low
Paul Lefebvre,4,Low
Paul Martin,8,Low
Paul Meli,1,Low
Paul Melo,3,Low
Paul Merlino,7,Low
Paul Nastari,2,Low
Paul Oladapo,1,Low
Paul Penco,1,Low
Paul Sczerbinski,2,Low
Paul Senra,5,Low
Paul Vanasse,9,Low
Paul Venditto,1,Low
Paul Voccola,5,Low
Paul W Cutler,4,Low
Paul ZARRELLA,3,Low
Paula Allin,13,Medium
Paula Decubellis,2,Low
Paula Dickson-Rando,1,Low
Paula Drake,2,Low
Paula Gallant,12,Medium
Paula Morrison,7,Low
Paula Pinelli,3,Low
Paula Silva,1,Low
Paula Torres,5,Low
Pauline Lemieux,11,Low
Paulo Albano,13,Medium
Pawler Garrahan,1,Low
Pedro Avila-Medina,1,Low
Peggy Gaudreau,1,Low
Perry Caruso,12,Medium
Pete Dufresne,3,Low
Peter Aiello,5,Low
Peter Bonaminio,2,Low
Peter Capizzo,3,Low
Peter Certo,3,Low
Peter Ciccone,3,Low
Peter Hopelain,3,Low
Peter Hurley,1,Low
Peter Izzi,1,Low
Peter IZZI,1,Low
Peter Leddy,2,Low
Peter Micheli,1,Low
Peter Scotti,2,Low
Peter Skeffington,3,Low
Peter Suter,1,Low
Peter Wasylyk,1,Low
Phil Slocum,1,Low
Philip Marlow,1,Low
Philip Renzi,1,Low
Phillip Tirrell,1,Low
Phyllis Ibbotson,1,Low
Phyllis Van Orden Nathanson,1,Low
Polly Emilita,1,Low
Qing Lu Zhu,2,Low
Rachael Dotson,1,Low
Rachel Baptista,4,Low
Rachel Jones,2,Low
Rachel McNally,1,Low
Rachel Wills,5,Low
Rachele Sullivan,1,Low
Rafael Salvador,1,Low
Ralph Bello,15,Medium
Ralph Buontempo,11,Low
Ralph Buontempo III,5,Low
Ralph Curti,8,Low
Ralph Gianfrancesco,12,Medium
Ramiro Encizo,4,Low
Ramon Betances,1,Low
Ramona Cummings,7,Low
Randy Ball,1,Low
Rani Vails,1,Low
Raquel Storti,1,Low
Ray Harrington,2,Low
Ray Hill,3,Low
Ray King,1,Low
Ray Majeau,5,Low
Ray Merolla,5,Low
Ray Reall,1,Low
Ray Sirico,16,Medium
Raymond Boucher,1,Low
"Raymond Horbert, Jr.",9,Low
Raymond Johnston Jr,1,Low
Raymond Kenyon,1,Low
Raymond King Jr,3,Low
Raymond Paiva,11,Low
Raymond Sinapi,4,Low
Raymond Turcotte,27,High
Realtor Rob Viani,1,Low
Reba Golden,3,Low
Rebecca King,1,Low
Rebecca Mayer,18,Medium
Rebecca Moniz,3,Low
Rebecca Rubin,6,Low
Rebecca Sousa,1,Low
Regina Hosey,7,Low
Reinaldo Gonzalez,1,Low
Renato De Lima,24,High
Rene C. Hague,5,Low
Rene Ruiz,1,Low
Renee Boiteau,9,Low
Renee D'Amico,3,Low
Renee WELCHMAN,1,Low
Rex Henderson,7,Low
Rhonda Mesenbourg,3,Low
Rhonda Sasa,4,Low
Rhonda Schneider,2,Low
Rhonda Vieira Cherry,6,Low
Ricardo Mourato,9,Low
Rich ABRUZZINI,1,Low
Rich Epstein,8,Low
Richard Baccari,1,Low
Richard Cascella,1,Low
Richard Corso,2,Low
Richard Drolet,4,Low
Richard Holsombach,3,Low
Richard Johnston,1,Low
Richard Lemieux,4,Low
Richard Lemos,5,Low
Richard Madden,1,Low
Richard Oliver,2,Low
Richard Olivo,9,Low
Richard Perelman,24,High
Richard Rebolledo,2,Low
Richard Stublarec,2,Low
Richard Tessier,16,Medium
Richard Wasserman,1,Low
Richard Wixted,3,Low
Richard Zompa,3,Low
Rick Annese,6,Low
Rick Harrington,7,Low
Rick Lemek,4,Low
Rick Moulton,3,Low
Rick Oriani,3,Low
Rick Smith,3,Low
Rick Thibeault,6,Low
Ricky Nunez,1,Low
Rimac Group,4,Low
Rita Benoit,5,Low
Rita Braude,1,Low
Rita Steele,4,Low
Rita WRIGHT,3,Low
Rito DeCarvalho,9,Low
Ro Kilduff,3,Low
Rob Doorley,6,Low
Rob Paliotta,6,Low
Rob Shaw,2,Low
Rob Williamson,8,Low
Robert Black Jr,1,Low
Robert Bohlen,4,Low
Robert Cressman,1,Low
Robert Crudale,13,Medium
Robert DaRocha,1,Low
Robert Dye,2,Low
Robert Frias,1,Low
Robert Gallo,1,Low
Robert Hollands,8,Low
Robert Moore,1,Low
Robert Nasiatka,3,Low
Robert Perillo,9,Low
Robert Rutley,6,Low
Robert Scaralia,4,Low
Robert Scungio,1,Low
Robert Shirley,11,Low
Robert Sousa,1,Low
Roberto Barrera,1,Low
Roberto Mejia,1,Low
Robin Adams,4,Low
Robin Chaplin,1,Low
Robin Chudnow-Marsh,11,Low
Robin Garceau,2,Low
Robin Gold-Riccitelli,10,Low
Robin Lozito,24,High
Robin MacMillan,2,Low
Robin Mott,2,Low
Robin Pastore,37,High
Robyn Ryan,2,Low
Rochelle Ziegler,11,Low
Roger Duque,8,Low
Roger Sylvia,1,Low
Roger Tortolani,9,Low
Ron Allaire,4,Low
Ron Bianco,1,Low
Ron Cataldi,4,Low
Ron Glanville,2,Low
Ron LeClair,15,Medium
Ron Mercurio,12,Medium
Ron Phipps,3,Low
Ron Torbik,4,Low
Ronald Caliri,3,Low
Ronald Duquette,21,High
Ronald Faria,2,Low
Ronald Rupp,1,Low
Ronald Rusin,1,Low
Ronald Vincent,2,Low
Ronald Zaremba,1,Low
Ronnie TOSONI,7,Low
Rosa DaRosa,1,Low
Rosa Viveiros,11,Low
Rosamaria Pereira,4,Low
Rosanny Bourdierd,1,Low
Rose Anne DeAngelis,4,Low
Rose Barbosa,5,Low
Rose Gardner,5,Low
Rose Hannah,1,Low
Rose Marie Beauchemin,1,Low
Roseann Dugan,4,Low
Roseann Halladay,20,High
Roselina Perlini,3,Low
RoseMarie Clemente,10,Low
Ross Notaroberto,1,Low
Rotha Tho-Svay,3,Low
Roxanne Pacella,1,Low
Russell Guerriero,1,Low
Ruth DiPietrantonio,1,Low
Ruth Littleton,2,Low
Ryan Antrop,25,High
Ryan Fonseca,13,Medium
Ryan Gehris,1,Low
Ryan Resendes,1,Low
Ryan Schreffler,2,Low
Sally Corbin,2,Low
Sally Hersey,26,High
Sally Lapides,1,Low
Sally Rianna,8,Low
Salvatore Capirchio Jr,1,Low
Sam Barchi,8,Low
Sam Butterfield,5,Low
Sam Glicksman,13,Medium
Sam Zonfrillo,1,Low
Samantha Baudreau,1,Low
Samantha Copeland,5,Low
Samantha Durand,45,High
Samuel Alba,17,Medium
Samuel Albert,3,Low
Samuel Nouel,2,Low
San Silva,12,Medium
Sandi Warner,2,Low
Sandie Heilmann,3,Low
Sandra Baker,6,Low
Sandra Church,1,Low
Sandra Codner,1,Low
Sandra Copley-Menard,2,Low
Sandra Garcia,2,Low
Sandra McNamara,30,High
Sandra O'Brien,1,Low
Sandra Richard,1,Low
Sandra Sousa,8,Low
Sandra Sullivan,4,Low
Sandy Brown,1,Low
Sandy Conca,3,Low
Sandy Conway Catanzaro,6,Low
Sandy Deignan,10,Low
Sandy Pellegrino,16,Medium
Sandy Soares,4,Low
Sara Andrews,7,Low
Sara Catanzaro,3,Low
Sara Chaffee-Standish,1,Low
Sara Heathcote,10,Low
Sara Karalekas,10,Low
Sara Sullivan,5,Low
Sarah Huard,1,Low
Sarah Jane Fournier,4,Low
Sarah LaRosa,1,Low
Sarah Principe,2,Low
Sarah Santos,1,Low
Sarah WHEATON,7,Low
Sasha Mellor,1,Low
Scaralia Group,2,Low
Scott Aceto,12,Medium
Scott Bianco,2,Low
Scott Egersheim,7,Low
Scott Freerksen,2,Low
Scott Grandfield,16,Medium
Scott Martin,9,Low
Scott McCoy,1,Low
Scott McGee,24,High
Scott Nagy,7,Low
Scott O'Donnell,1,Low
Sean Amaral,5,Low
Sean Carey,2,Low
Sean Carlino Esq.,3,Low
Sean Fox,1,Low
Sean Harrington,9,Low
Sean Hevenor,4,Low
Sean Lawrence,1,Low
Sebastian Casas,2,Low
Seth Leavitt,5,Low
Shamila Ahmed,7,Low
Shana Boyer,11,Low
Shana Speer,5,Low
Shane Feeney,1,Low
Shane Halajko,4,Low
Shannan Fix,2,Low
Shannon Brito,1,Low
Shannon E. Norris,1,Low
Shannon Mace,6,Low
Shari Soucy,10,Low
Sharisse Schweikert - Keetz,1,Low
Sharlene Lytle,2,Low
Sharon Cambio,1,Low
Sharon Cicerone,3,Low
Sharon Erban,2,Low
Sharon Field,3,Low
Sharon Ford,3,Low
Sharon Gordon,1,Low
Sharon Janikies,1,Low
Sharon Moskwa,5,Low
Sharon Moylan,5,Low
Sharon PHILIPP,1,Low
Sharond Delance,7,Low
Shaun Branch,4,Low
Shawn Proulx,2,Low
Shawna Scotti,1,Low
Shaylyn McCauley,2,Low
Sheila Beckwith,1,Low
Sheila Koback,1,Low
Shelia VERDI,1,Low
Shelley Andrade,2,Low
Shelly Ann D'Amico,15,Medium
Shelly Armstrong,1,Low
Shelly Martinez,1,Low
Sheri Quaglia Bishop,6,Low
Sherrell Prefontaine,2,Low
Sherri-Lynn Milkie,1,Low
Sherri Ann Boisvert,1,Low
Sherri Faria,2,Low
Sherri Mercurio,11,Low
Sherrie Rotenberg,9,Low
Sherry McGonigle,1,Low
Sheryl Costantino,1,Low
Sheryle Degirolamo,1,Low
Shirley Mello,1,Low
Shirley Toombs,1,Low
Shon Campbell,1,Low
Sindy Pierce,1,Low
Sindye Tonole,13,Medium
Sizer Avila,3,Low
Sokhna DaLuz,14,Medium
Solaura Kushimo,1,Low
Sonia Gervazio Cruz,2,Low
Sophie Flori,1,Low
Sousan Karwashan,1,Low
Spectrum REC Real Estate Consultants,92,High
Spinnaker Group,1,Low
Srdan Zdravkovic,1,Low
Stacey Behan,6,Low
Stacey Bouthillier,1,Low
Stacey ELIADES,4,Low
Stacey Garcia,4,Low
Stacey Wood,1,Low
Stacy Corrigan,7,Low
Stanley Kuziel,1,Low
Stefan Hristov,1,Low
Stefanie Marta,2,Low
Stella Chalkiadakis,3,Low
Stephanie Baker,2,Low
Stephanie Barbusci,2,Low
Stephanie Basile,12,Medium
Stephanie Ceceri,2,Low
Stephanie Cohen,7,Low
Stephanie Corsetti,2,Low
Stephanie Demers,1,Low
Stephanie Fernandes,4,Low
Stephanie Piantadosi,11,Low
Stephanie Rossi,3,Low
Stephanie Soscia,12,Medium
Stephanie Tyrwhitt-Drake,5,Low
Stephen Antoni,5,Low
Stephen Brunero,1,Low
Stephen Dion,10,Low
Stephen Forleo,6,Low
Stephen Gachowski,4,Low
Stephen LAKE,1,Low
Stephen Laxton,1,Low
Stephen Perrino,11,Low
Stephen Sibiga,18,Medium
Stephen Smith,5,Low
Stephen Thibodeau,7,Low
Stephen Thornton,1,Low
Stephen Webster,3,Low
Stephen Zeboski,1,Low
Steve Cook,2,Low
Steve DeAngelis,3,Low
Steve Eccleston,9,Low
Steve Gillikin,2,Low
Steve Koback,1,Low
Steve Puleo Team,1,Low
Steve Riley,5,Low
Steven Alviti,1,Low
Steven Borowick,1,Low
Steven Iafrate,8,Low
Steven Marasco,1,Low
Steven McGill,1,Low
Steven Miller,8,Low
Steven Miller Group,4,Low
Steven Proulx,5,Low
Steven Rei,2,Low
Steven Verdecchia,10,Low
Sue Beaudet,3,Low
Sue Dicks,6,Low
Sue Erkkinen,11,Low
Sue Powers,1,Low
Sue Silva,1,Low
Susan Abramson,3,Low
Susan Clough,1,Low
Susan Dando,3,Low
Susan Garganese,1,Low
Susan Gower,3,Low
Susan Henderson,10,Low
Susan Joseph,2,Low
Susan Kelly,5,Low
Susan Kostas,4,Low
Susan Leach,17,Medium
Susan Martins-Phipps,1,Low
Susan Mitchell,1,Low
Susan Perry,5,Low
Susan Piccolomini,1,Low
Susan Rains,2,Low
Susan Rouvelas,8,Low
Susan Rowles,15,Medium
Susan Schultz,5,Low
Susan Shore,4,Low
Susan Tavares,1,Low
Susan Tierney,1,Low
Susana Glass,3,Low
Susanne Travisono,9,Low
Sussy DeLeon,12,Medium
Suzanne Balfour,4,Low
Suzanne Dash,10,Low
Suzanne Poisson,3,Low
Suzanne Ranieri,6,Low
Suzanne Viner,6,Low
Suzzanna Downing,2,Low
Sylvia Santilli,4,Low
Sylvia Vallante,4,Low
T J Moretti,1,Low
T. Todd Brown,1,Low
Tajauna Warren,1,Low
Tamara Cerullo,1,Low
Tammi White,8,Low
Tammy Pelletier,5,Low
Tanisha Perona,1,Low
Tanya Costa,3,Low
Tara Buonaiuto,1,Low
Tara Demyan,5,Low
Tara Kermen,1,Low
Tasha Williams,1,Low
Taylor & Associates,11,Low
Taylor & Company,25,High
Team Atlantic,2,Low
Team Dandurand,16,Medium
Team Pizzarelli Group,14,Medium
Ted DiFilippo,3,Low
Ted Friedman,7,Low
Ted Musiol,2,Low
Ted Ngo,6,Low
Teresa Converse,1,Low
Teresa Level,7,Low
Teresa Ward,2,Low
Teri Degnan,1,Low
Terilyn Dorvall,4,Low
Terri Abbruzzese,3,Low
Terri Hollingworth,4,Low
Terri Lehnertz,1,Low
Terri Stevens,2,Low
Terry Bun,1,Low
Terry Cipolla,29,High
Terry Tiernan,3,Low
Terry Twombly,10,Low
The ALBA Group,2,Low
The Boiteau Team,4,Low
The Bove Team,1,Low
The Chad Kritzas Team,4,Low
The Chris Woodard Team,3,Low
The Connor Dowd Realty Group,4,Low
The Dias Team,38,High
The DiSpirito Team,57,High
The Dumont Realty Group,9,Low
The East Coast Team,5,Low
The Fooks Team,1,Low
The Goss Team,1,Low
The Hall Group,8,Low
The Home Team,2,Low
The John Risica Team,8,Low
The Karalekas Team,1,Low
The Kathy Bain Farrell Team,48,High
The Martone Group,33,High
The McKinnon Team,7,Low
The Meg & David Chapman Team,1,Low
The Mercurio Group,22,High
The Nick Slocum Team,9,Low
The Perrille/Veltri Group,61,High
The Peter Izzi Team,4,Low
The Platinum Group,2,Low
The Realpro Group,5,Low
The Richard Team,3,Low
The Rockwell & Pierard Team,16,Medium
The Saccoccio Group,5,Low
The Samborsky Team,1,Low
The Stone Alliance,4,Low
The Storm Team,4,Low
The Sussy Deleon Team,25,High
The Welcome Home Team,7,Low
The Wright Connection,1,Low
Theodore Bourque,23,High
Theresa Haddad Maynard,1,Low
Theresa Lefebvre,1,Low
Theresa Siani,7,Low
Therese Stafford,1,Low
Therese VEZERIDIS,2,Low
Thomas Andolfo,1,Low
Thomas Bousquet,1,Low
Thomas Brown,2,Low
Thomas Clayton,5,Low
Thomas Dodd,5,Low
Thomas Fiorio,1,Low
Thomas Goss,2,Low
Thomas Hammond,9,Low
Thomas Holt,1,Low
Thomas Kane,2,Low
Thomas Magee,4,Low
Thomas McMicken,4,Low
Thomas Michael,11,Low
Thomas Partridge,1,Low
Thomas Peachey,5,Low
Thomas Piantadosi,16,Medium
Thomas Pisano,3,Low
Thomas Ruest,1,Low
Thomas Wegner,3,Low
Tiffany Page,2,Low
Tim Devol,1,Low
Tim Silvia,10,Low
Timothy Bagley,2,Low
Timothy Mullaney,1,Low
Timothy Sanginario,1,Low
Timothy Stebenne,6,Low
Tina Adams,6,Low
Tina Calci,1,Low
Tina Golant,4,Low
Tina HARTLEY,15,Medium
Tina Rose,12,Medium
Tj Ciolfi,12,Medium
Tom Avila,1,Low
Tom Goss,30,High
Tom Hazel,3,Low
Tom Jordan,2,Low
Tom Keith,6,Low
Tom Pastore,4,Low
Tom Rao,1,Low
Tom TIMBERLAKE,2,Low
Tom Travers,5,Low
Toni Marie Roderick,1,Low
Tony Ciccarone,2,Low
Tony D'Uva,5,Low
Tony Gaudiana,4,Low
Tony Gelfusa,1,Low
Tony Iadevaia,1,Low
Tony Lanni,25,High
Tony Verdi,7,Low
Tonya Peluso,11,Low
Topnotch Real Estate In Ri Team,1,Low
Tori Turco,2,Low
Tracey Colucci,6,Low
Tracey Mulvey,5,Low
Tracey Muto Johnson,2,Low
Tracey Orchard,3,Low
Tracey Pierce,4,Low
Tracie Hall,2,Low
Tracy Accaoui,1,Low
Tracy Albernaz,4,Low
Tracy LeRoux,4,Low
Tracy Levine,2,Low
Tracy Mary Shawcross,7,Low
Tracy Sisson,7,Low
Travassos & Kusiak,8,Low
Travis Auty,1,Low
Tricia Coury,5,Low
Trish Marrapese,5,Low
Trish Sitcoske,7,Low
Trish Vasseur,5,Low
Tshombe Lambert,1,Low
Tyler Doran,1,Low
Tyler Gammons,2,Low
Tyler Meegan,3,Low
Urszula Barglowska,3,Low
V.Edward Fayan,12,Medium
Valentino Tirocchi,1,Low
Valerie Girouard,3,Low
Valerie Knight,3,Low
Valerie Stadnik,3,Low
Vanessa Ashton,1,Low
Vanessa Christofaro,2,Low
Vanessa Kong,1,Low
Vanessa Piscitelli,2,Low
Verna Pezzullo,1,Low
Veronica Gazeryan,1,Low
Vickie Pizzarelli,4,Low
Victor Ekenavie,3,Low
Victor Pereira,2,Low
Victor Vargas,2,Low
Victoria Antonelli,48,High
Victoria Calabro,11,Low
Victoria Clare,1,Low
Victoria Doran,4,Low
Vilma Ruiz,2,Low
Vincent Campanella,3,Low
Vincent Fraioli,3,Low
Vincent Langella,2,Low
Vincent Letizia,16,Medium
Vincent Santagata,1,Low
Vincenzo LoBuono,2,Low
Vinny Turchetta,2,Low
Viola Floru,1,Low
Virgen Nieves,27,High
Viviana Ciccia,1,Low
Vladmir Pires,2,Low
W. George Buteau,3,Low
WARREN WRIGHT,1,Low
Wayne Connetti,3,Low
Wayne Farina,2,Low
Wendeth O'Neill,1,Low
Wendie Fillmore-Palermo,5,Low
Wendy Bowen,2,Low
Wendy Garcia,10,Low
Wendy Lord Harvey,1,Low
Wil Hernandez,3,Low
Wilfredo Jimenez,1,Low
Wilfredo Ulloa,1,Low
Wilkins Henderson,1,Low
William Hermistone,2,Low
William Huling Jr,2,Low
William McCaffrey,4,Low
William McIntosh,2,Low
William Muir,2,Low
William Tirrell,15,Medium
William Wright,8,Low
Winston Ho,4,Low
Yalis Chamberlin,3,Low
Yang Gaudreau,7,Low
Yaniur Perez,28,High
Yanna Tow,2,Low
Yannee Doeur,21,High
Yolanda Nazario,7,Low
Yue Ling Chung,1,Low
Yvonne Sousa,8,Low
Yvonne Thompson,4,Low
Zachary Pezzullo,1,Low
Zachary Samborsky,2,Low
Zachary Ugarte,2,Low
Ziggy Stevens,7,Low
ZRG Sales & Purchasing Division,2,Low
